16years	age	although	days	emotional	fan	feel	golden	hear	jim	life	lord	loving	many	reeves	relaxed	singer	singers	those	vouch
1st	2nd	30	47	back	blessing	came	convince	day	december	god	granted	greatest	hope	later	leave	life	lou	man	marry	mary	nam	pray	reality	receive	served	some	tour	viet	years
heart	wherever
close	come	elvis	king	number	place	taking
anytime	begin	bet	future	generation	goes	hit	ill	new	play	radio
64	father	jim	listen	reeves	remember	used	young
beared	coffin	crematorium	father	favorites	into	late	meaning	played	singer	special	top	tribute
100	29	albums	along	australia	boxer	college	come	daddy	eric	generation	grandma	grandpa	guess	heard	jim	least	man	maybe	mine	mr	mummy	myanmar	next	old	presented	reeves	sing	singer	sir	top	well	which	wonderful	years
again	elvis	entertainment	nothing	then
blues	country	elvis	heart	rhythm	rock	roll	soul	were
baby	blow	guaranteed	mind	part	roller	steam	your
absolutely	elvis	forever	lord	made	off	showing
different	enjoy	familys	generations	hear	quality	true
favorite	forever	listen	singer
any	anytime	distant	drums	emotions	especially	eved	get	hear	jim	overcome	reeves	teary
die	every	loved	made	man	mother	played	sounds	word
country	lovey	singers
60	heart	melts	prepare	rocker	sound	usually
absolutely	appreciate	boast	brilliant	days	element	enjoyed	jim	least	older	people	posting	thanks	video	yes
across	appreciation	come	first	innocent	jim	live	long	reeves	reminds	rightly	their	thread	united	us	ve
boy	elder	favorites	girl	interpretation	little	mother	number	plausible	put	raise	says	sisters	someone	three	tom	treat	whose	wig
1960s	boy	brought	early	girl	knew
boy	favorite	many
1967	anyone	around	audio	autobiography	book	erudite	fantastic	listening	pete	rather	reading	recommend	right	spoken	version	well
another	away	calling	dear	different	distant	drums	favorite	flowing	gone	heard	jim	meaning	mum	oh	reeves	sound	takes	tears
amazing	classic	drumming	heart	known	lifts	little	sensational
amazing	an	before	heard	rhythm	wow
changed	controlling	four	mine	name	or	parents	three
asked	childhood	friends	listen	mom	seen	sing	singing	something	started	stop	today
100	along	beatles	classic	dylan	even	over	played	stones	years
album	doubt	greatest	handedly	its	single	story	tommy	unbelievable	weird	work
barry	been	brilliant	done	had	mix	motown	nice	orchestra	palmer	reminds	robert	such	too	unlimited	ve	version	white
back	builds	crescendo	favorites	magnificent	matched	or	rarely	then	today
band	broken	fell	first	heard	hearted	hit	home	road
60s	90s	95	alive	appreciate	around	back	cut	day	do	enjoy	enthusiastic	folks	get	god	grown	hardly	magic	man	meaning	oh	play	playing	short	something	talking	then	through	uhh	wanna
anyone	beat	classic	does	drummer	find	thanks
amazing	arrangements	arrangers	background	classics	credit	deserved	did	dramatic	got	most	orchestrators	pop	powerful	probably	sharing	work	youth
before	dropped	found	go	let	trailer	week
any	cause	here	listen	must	other	parents	phones	them
called	camels	desert	east	go	hear	job	let	lol	makes	middle	or	parts	saw	side	till	trailer	wondered	world
days	hears	its	sad	words
here	listen	look	mom	told
elvis	forever	live	long	many	miss	singers	why	world
along	cry	emotion	every	family	king	live	long	makes	pics	single	those
generation	generations	lived	prefer	than	wish
before	guess	late	leave	most	someone	tell	them	too	us
amazing	away	because	care	chance	girl	give	hard	keep	lost	met	most	ones	pushing	satisfied	showing	such	them
able	been	fulfill	gentle	go	had	left	life	lisa	loved	marie	princilla	sad	soul	started	wish	wrong
elvis	get	jackson	michael	presley	sad	see	wish
awesome	been	favorite	greatest	loss	singer	world
16	amazing	had	listen	old	people	ve	years
alone	any	because	die	do	going	grew	hard	learned	little	loved	or	probably	relationship	say	show	them	things	told	whenever	woman
barbiedolly	before	didn	get	glich	little	maybe	meant	too
2nd	age	build	came	grade	memory	movie	treasure	your	youth
attention	classic	joint	life	lyrics	many	pay	relates	situations	why
feel	given	helps	inspirational
amazing	bass	brothers	david	forget	funk	give	greatest	had	hear	jamie	jamison	levi	man	marvin	motown	others	smokey	stubbs	thanks	tops	troubled	underrated	voices	were
age	had	legend	man	old	power	seventeen	soul	such	vocal	years	young
17	davis	goes	maybe	old	primary	school	son	spencer	steve	teacher	way	well	while	winwood	wrote
16	age	believe	hard	old	said	someone	years
blow	sing	tried	tune
black	come	got	natural	soul	thing
aren	band	or	popular	recognized	shame	smashing	too
60	comments	had	idea	loved	read	singing	stevie	until	winwood	your
100	absolutely	excellence	gold	life	line	masterpiece	memories	phenomenal	pure	solid	sound	standard	talent	top
appreciated	beyond	few	invent	machine	people	please	realize	somebody	soulful	steve	teens	under	virtuoso	younger
1967	ago	aint	long	nothing	nowadays	peace	touch	wow
better	case	first	get	give	point	rest	shot	told	your
discover	fabulous	group	hear	often	share	such	wow
22	60	adaline	age	ask	band	brought	daughter	enjoying	evening	here	movie	viewing	youngest
bad	favorite	heard	then	too	version
before	executed	exists	family	home	man	past	reminiscing	sad	tells
14	first	grandma	introduced	shall
laura	name	sing	thomas	tommy	wifes
1960	do	finest	hit	single	singles	stands
afterwords	get	happened	hit	lost	lovely	many	though	wonder
enjoy	nice	relax
friend	keeps	laura	name	singing
appreciate	shout	teens	tunes
brilliant	highlights	tragedy	well
17th	because	coincidence	favourite	happens	laura	name	such
cheap	compilation	decent	laura	park	pictured	skank	trailer	until	version	video
adds	anymore	comfort	create	do	had	knowing	laura	maybe	people	personal	sorrow	thing
better	crap	grew	hear	sort	than	words
created	forgotten	should
cases	finished	half	lyrics	others	some	video	wrong
1960	21st	century	certainly	lady	video	vintage	young
any	calmer	day	days	do	made	make	nice	such	words
bear	do	name	sad	seem	why
careful	entertainer	greatest	our	person	please	say	talking
concert	greatest	history
gorgeous	heart	man	your
called	had	king	known	rated	under	wish
delivery	face	high	last	notes	part	satisfied	see	sings	those
american	artist	away	blues	doubt	greatest	here	james	lifetime	listened	make	may	maybe	most	nothing	prolific	said	statement	take	taylor	thing	three	times	tune	ve	version	white	writers	written
awesome	coolest	elvis	most	name	person	sung
live	once	seen	wish
appears	been	concert	elvis	enjoying	fine	gone	had	over	priscilla	ride	year
certainly	earth	fella	gorgeous	however	imaging	left	lol	looking	mark	over	right	rolling	soon	stunning	too
awesome	blues	comparison	do	doubt	genres	incredible	man	many	most	mr	presley	singer	singing	were	world
beginning	forever	king	laughs	looks	side	then	thinking
background	blues	elvis	hear	parody	period	playing
bluesy	comfortable	definitely	down	low	most	roots	style
bless	elvis	forever	friend	god	greatest	miss	then
angel	artist	concerts	died	earth	effort	eyes	god	greatest	handsome	man	most	peace	rest	see	sufferience	too	unique	why	young
did	masterpiece	minutes	or	over	perfect	recoding	studio	why	wonder
again	back	because	coming	else	elvis	forever	gone	heard	its	keep	life	other	our	some	special	too	video	videos
cover	elvis	forget	harmonica	key	look	making	played	soooo	tune	your
absolutely	band	bless	burton	elvis	entertainer	fantastic	forever	glen	god	greatest	hardin	heart	heaven	james	over	singer	tcb	vocalist	world	yuo
fantastic	greatest	performance
amazing	another	back	been	bone	brilliant	call	come	do	get	interpreter	liked	many	masterpiece	proof	them	together	work	wrong	yet
adore	biggest	elvis	handsome	history	hot	most	sexy	singer
close	come	elvis	entertainer	god	greatest	here	man	peace	rest	see	sent	world
40	burton	elvis	james	must	nelson	old	over	rickey	rocks	stolen	years
compared	here	king	nothing	others	stealing
any	better	fantastic	favorites	get	gold	perfect	pure
adam	backing	barry	faith	john	made	orchestra	pizzicato	pop	records	singer	strings	superb	technically	use	wasn
50s	60s	aunts	born	elvis	emotion	genuine	grew	heartfelt	late	orbison	preferred	raved	roy	sung	thought	uncles	were
based	been	favorite	feeling	generation	known	performer	popularity	roy	solely	sure	talent	ve	were
50	60	soul	today	unlike
baritone	bass	complexing	did	or	singer	soprano	talented	tenor
alone	being	bit	depressed	feeling	listened	lonely	right	roy	then
classic	continue	enjoy	legacy	live	lonely	wil	work
agree	big	completely	converts	expression	feelings	into	lyrics	nice	stuff	thanks
16	artists	daughter	exposed	knew	loves	old	orbison	right	rock	roll	until	year
16	age	begin	day	hope	kind	old	those	which	wonderful	wow	years
bless	fantastic	god	missed	ones	roy	singer	young
1988	1989	amazing	away	been	bournemout	bournemouth	brings	centre	december	eyes	first	forgotton	home	january	ll	passed	pavillion	rip	road	roy	start	tears	tour	town	truly	uk	venue	way	westover
2010	both	boys	burnt	cash	die	door	down	family	henderson	house	jr	location	looking	man	next	old	performer	person	roy	sir	site	stood	tennessee	their	visited	wonderful	yes
classics	pleasure	stumble	upon
an	cherish	forever	forget	magnificent	man	orbison	roy	your
50s	60s	beat	early	late	period	totally	unique
awesome	had	own	range	style
drinking	invent	listen	live	machine	made	mediterranean	oh	please	self	want	wine
100	agree	back	live	then	wished
ago	assignment	english	homework	looked	minutes	searched
ago	away	cry	dare	do	feelings	germany	listen	make	man	mum	passed	seldom	then	totally	two	understand	vulnerable	years	your
any	doesn	folks	glad	hear	heart	hope	maybe	played	real	rock	roll	some	stuff	today	world	young
ago	album	an	baby	dig	ended	find	ll	long	moved	re	remember	sure	talking	through	years	your
actually	back	had	sing
country	wished
again	believe	country	god	hear	junk	play	radio	real	rock	sirius	sucks	today	true	youtube
country	disc	gold	hank	locklin	most	recorded	selling	single	top
ain	classics	country	do	old	stuff
another	believe	cramer	delivery	distinctive	do	floyd	had	ivorys	legend	locklin	loved	such
25	anything	classic	country	favorite	go	stand	today
dad	kind	mom	western
17	falling	old	school	years
banging	dad	got	incredible	kitchen	recordings
an	country	heard	hits	infomercial	jukebox	tv
amen	blessing	come	everyone	god	knows	many	years	yet
classic	country	did	hank	hits	many	well
comment	funniest	lmao	saw	youtube
facebook	let	lie	liked	photo	post	ricky	shared	youtube
friend	girl	laura	nice	young
bad	hates	laura	mood	sing	sister
after	grandparents	least	means	named	quite	something	why
background	barely	listen	nowadays	words	wow
listening	old	those
childhood	didn	friends	grandpa	serious
fogerty	john	version
first	gladys	heard	hearing	knights	version
get	john	listen	over	right	tired
favorites	sharing
been	favorites	make	posting	shame	sure	them	used
awesome	better	country	dies	get	old
behind	childhood	favorite	man	screen	sharing
anybody	does	nice	piano	posting	robertson	thanks	video	way
enjoy	listening	old	posting	thanks	wonderful
country	down	fans	fashioned	keep	many	old	post	see	thanks	young
advice	again	back	once	real	replying	some	sound
country	hear	its	many	matter	pop	times
after	anyone	faithful	infidelity	losing	lyrics	make	married	sentiment	temptation	true	uncomfortable
locklin	opinion	too	version	well
here	make	nowadays	performance	rock	stars	used
27	country	people	real	taste
anymore	country	get	happened	isn	mean	some	today
days	do	hip	let	life	low	meaning	over	pop	rap	take	why
500	after	appreciate	ask	convinced	even	heart	listening	man	stone	times	transplant
dance	daughter	old	years
better	englebert	feel	feeling	friend	hear	low	once
last	someone	special	waltz	wish
also	forever	handsome	then	touching	woo
artist	became	explain	feelings	global	legend	star	start	suddenly	superstar	then	true	where	wonderful
better	brilliant	come	course	englebert	sung	than	well
again	doc	fall	peace
change	old
happy	make	nice
actually	age	describes	golden	melody	such
darling	didn	god	make
englebert	most
belongs	everyone	legend	loves	sang	true
dance	someday	wedding
after	any	compose	decades	do	many	memorable	nowadays	touching
around	brought	come	dancing	family	favorite	first	here	strickly
also	any	nice	passed	same	whenever
any	genre	lover
10	11	amazing	amazingly	an	dance	feel	getting	lyrics	makes	mesmerizing	scale	sharing	such	superb	thx	undoubtedly	waltz
ago	come	concert	days	dream	few	see	true
been	life	part	singer
got	most	peace	romantic	sweetest	wow
break	everyday	life	lonely	man	start	then	wake	without
1967	blasted	cassani	comes	course	engelbert	innamoro	into	italian	maro	melody	obscure	original	panzeri	parrot	quando	records	stratosphere	then	version
beauty	grandmother	loved	pure	understand	why
artist	favorite	grew	lyrics	mom
14	cousin	family	favorite	hear	learn	old	our	yrs
existed	magnificent	most	voices
appeals	artists	classic	found	generations	modern	some	sung	today	were
make	today	wish
forget	record	walked	wife
any	both	cloudy	freedom	loved	mornings	ones	presence
appear	forever	mankind	ones	stay	those
age	called	describes	golden	loved	many	old	us	years
2019	classic	happened	listening	romance	romantic
even	genre	listening	meaning	nowadays	teen
arms	cause	day	hold	loving	make	painful	till	ve
get	grew	listening	most	number	soulful	tired	voices	world
cloud	computing	lost	mans	thanks
amazing	classic	truly	uploading
again	break	everyday	sleep	try	wake	want
class	eurovision	its	re	recorded	should
days	looking	lyrics	old	power	sing	without
bless	care	family	god	got	lovely	sing	singer	take	them	too	wife	your
irreplaceable	untouchable
else	guys	off	please	profiting	someone	talent	video
cruel	ended	ironic	life	made	punishment	reckon	sing	singer	wish	worlds	worst
its	lonely	man	without
beauty	broken	heart	real	those	understand
again	anymore	appreciate	between	clip	days	each	every	everyone	far	feedback	few	hi	left	make	memories	messages	read	thanks	them	watched
class	crafted	massively	musicians	perfectly	performed	pop	real	underrated
big	catchy	harmonies	hear	hum	intro	lovely	once	pop	proper	record	sing	tune
guy	happy	sings	tune
70s	class	come	pop	such	written
2019	30th	feel	happy	january	listening	make
1st	any	classics	clubs	europe	germany	hey	honeymoon	in2	message	our	play	scan	thanks	tips	weeks
comments	editing	make	posting	thanks	video	watching	worthwhile
almost	an	ignore	impossible	intoxicating	intro	naturally
adele	eat	etc	harmonies	heart	lyrics	sing	singers	your
classic	dance	hits	millions	should	soul
an	classic	intro	masterpiece	match
1st	21yr	accurate	daughters	describing	elle	especially	every	grace	heard	lyrics	may	name	old	single	tune	written
follow	harmonies	little	made	maker	number	trust	uk
any	better	intro	nice	orchestration	ruins	singing	tune	without
compose	guys	most	those
something	wrong
appreciated	carolinas
dying	eh	heart	slowly	words
too	vocals	words
consolation	early	far	find	hope	katharina	learn	loss	some	sorry	sweet	too	your
50	60	80	hear	heaven	loved	proper	ruby	singers	youtube
been	hit	should	usa
people	retarded	version
greatest	lady	singer	teresa
been	brewer	evening	fantastic	hill	lovely	mockingbird	ms	nice	spend	talented	woman
50	alongs	bird	brewer	covers	dinah	early	ford	hill	hits	instead	interpretation	into	late	les	lullaby	mary	missed	original	page	patti	paul	sad	sang	shore	sing	sixties	sleepy	some	something	teresa	today	using	wake	were	wrong
called	hill	mockingbird	place
america	anymore	found	icon	rip	singers
another	loved	recordings	wonderful
favorite	lady	listening	lovely	mind	peace
cheezoid	complex	glad	likes	lol	something	superiority	used	wrong
again	miss	teresa
book	dynamite	little	miss	oldies	or	replaced	singers	topped
gentle	loping	nice	sweetest	teresa	version
do	docambra	give	notice	permission	remain	way	were	won	wouldn	youtube
earth	get	heaven	ll	nearest
almost	billy	earth	handsome	its	sings	too	unbelievably	world
any	billy	come	copy	eckstine	gras	mardi
sarah	their	unique	vaughan	voices	were
loved
76	get	gives	goosebumps	handsome	lovely	man	play	re	such	them	world
close	eyes	follow	listen	perfect	your
1954	another	billy	called	classic	eckstine	hit	single	timeless	top
handsome	heavenly	looks	man	met	wish
another	do	exquisite	justice	mans	posting	remarkable	unique	words
posting	wonderful
any	male	recordings	sinatraphile	singer	truly
billy	fabulous	most	singer	underrated
1930	1970	any	history	knew	lived	magic	most
any	exquisite	mandolin	piece	played
anybody	better	guy	than
renamed	rendition	should	wonderful	wow
blood	carlos	flesh	movie	played	thompson	tune	wonderful
difference	hearing	keep	noisy	romantic	true	tunes
11	17	18	baby	days	girl	granddaughter	nine	today
end	head	makes	musical	slap
became	before	crap	day	enough	everywhere	listen	long	played	radio	respectable	rock	roll	used
naughty	pop	should
an	did	environmental	file	had	impact	statement	town	whirl
12	its	scary
everyone	hear	lot	should
ads	belong	came	care	do	donald	epic	greeted	group	here	hillary	listen	message	or	pissed	political	trump
away	breath	exercise	literally	needs	says	son	takes	your
adult	adults	back	beings	bringing	brought	children	consider	future	given	hands	human	incredibly	instead	into	lies	names	new	playthings	scary	stupid	were	whose	world
baby	parents	told
an	baby	days	door	exactly	favorite	guy	listen	new	next	nine	old	told
cell	download	put	where
back	day	insinuations	lyric	real
50	boo	go	pop	pure	rock	roll	white
believe	dislike	new
connotations	days	different	lady	lane	naughty	shady	well
almost	couple	did	favorite	first	heard	lady	loved	lovely	met	often	play	rip	ruby	singer	such	times
15	17	accident	bike	came	died	friend	jimmy	motor	name	nana	scary	story	year
friend	goodbye	jimmy	sing	such	tell
because	channel	found	guessing	had	jerry	posted	said	vale
ago	commented	didn	figured	first	jerry	long	seems	vale	where	yes
dance	daughter	go	living	loves	old	room	says	sing	sway	swing	weak	year
get	highest	leave	startled	volume
after	apart	arte	because	being	called	couple	el	en	fantastic	heaven	here	met	show	ti	us	used	work	writer	years
16	anyone	legendary	na	name	old	please	singers	some	type
did	english	first	go	heard	later	learn	lyrics	said	say	sway	thought	weak
an	chocolate	cigar	coffee	cuban	disturbing	draw	faster	imagination	life	need	old	partner	without	world
better	cases	few	language	lyrics	new	original	than	translation	where
singer	tech	us
bit	dancing	dean	down	favorite	feel	headphones	or	pretend	put	sad
many	new	versions	year
before	do	father	its	lately	listened	loved	sang	sometimes	which
buble	dean	martin	michael	original	prefer	spanish	version
bottle	carnations	champaign	come	heard	some
curtis	discovering	least	photo	pleasant	resembles	thanks	tony	youtube
backing	being	dickie	didn	looking	melodic	need	singer	singers	such	true	valentine	well
new	performance	terrific
1958	big	charismatic	couple	crown	door	frankie	gilmorton	green	had	hits	hotel	local	original	sang	strength	tower	uk	vaughan
1952	1957	1958	called	certain	comment	dickie	elvis	find	frankie	further	guy	international	male	mr	nme	poll	presley	previous	running	slot	some	taking	top	uk	valentine	vaughan	vocalist	vocalists	voted	years
billy	flowed	fury	isn	right	though	totally	unacceptable	version	way
billy	did	fury	predating	version
1955	april	charts	listed	march	popular	uk	us
channel	congratulation	discover	france	hello	its	pleasure	sharing	sincerely	video	your
ancient	break	enjoy	heart	regret
mans	stops	texting	whose	your
every	form	greetings	netherlands	play
done	original	release	well
actress	anyone	first	tell	video
fantastic	forgot	gorgeous	hello	woman
almost	bring	eyes	life	sad	tears
actor	believe	crowd	end	first	had	image	movie	tragic
covered	listen	mean	world
course	seen	video
30s	60s	70s	74	alive	amazing	an	anymore	been	brenda	buried	ending	forever	forgotten	generation	god	happy	historical	lee	new	or	real	sironaca	youtube
inverted	men	nowadays	once	real	upon	women	world
listening
because	better	enjoy	even	everyday	last	treat
departs	everything	fades
emotional	feel	lyrics
another	greatest	listen	oh	same	then
around	end	life	many	meaning	same	which	world
anything	done	everyone	forgets	help	here	hoping	lol	meaningful	might	outstanding	pay	person	put	repay	say	sees	selected	shots	single	together	wanted	work	your
brenda	day	lee	listen	singer	thanks	youtube
came	crap	felt	holy	next	right	serious
seen	tube	video
actors	an	index	interesting	most	movies	see	them	those
many	people	relevant	wow
10m	change	communicate	fans	here	knowledge	lady	language	little	many	people	sironaca	voices	way	without	wonderful
an	effect	enough	funny	had	hear	including	relationships	such	those
over	world
go	magic	sway	technique	weak
bless	dean	god	martin	may	soul	wonderful	your
dance	down	failing	fight	headphones	listening	platform	train	trying	urge	waiting	walk	xd
gold	man	pure	sing
bs	democrat	everytime	hear	sound	spewing	starts	violins
because	darkness	different	flower	guess	interpret	light	people	rising	sun	talk	things	words
child	especially	fantastic	had	loved	such	young
60s	70s	attraction	beauty	faces	full	natural
appreciate	green	listener	sings	youtube
045	artist	birds	clip	do	get	mean	movie	people	showing	singing	sings	snow	stars	storm	sung	then	two
been	during	hanged	lived	lol	mind	probably	racism	remember	sometime	then	wish
big	every	girl	little	single	understand	word
heartbreak	makes	pain	sound	suckers
do	handsome	look	past	people	present	why
romantic	sad
better	davis	difference	feeling	least	made	makes	original	puts	seeing	skeeter	than	too	version	way
days	intelligent	later	nicer	pretty	women
heard	version	wonderful
cherish	every	moment	reason	should
many	screen	silver	stars	thanks
again	although	bogged	breaks	down	everything	feels	hear	live	recover	relationship	sad	says	some	takes	things	true	version	young
actors	brilliant	compilation	compliments	genius	greatest	hard	pure	screen	silver	sironaca	work
able	add	addition	age	alan	barrymore	being	clift	credit	dean	didn	do	extra	few	ford	get	glen	golden	half	hollywood	james	john	ladd	list	men	movie	name	nice	offhand	over	past	picture	re	running	shown	someone	sophia	spencer	stars	stills	stumped	though	tracy	veronica	video	wayne	well	without	women	wonderful
let
ability	express	life	meaning	most	people	point	some	their	things	unable	understand
also	belief	first	god	life	nothing	reflects	without
advance	anyone	comment	corresponding	does	movies	pictures	please	tag
1963	27	cause	feel	incredible	kind	living	makes	missing	released	saying	ve
planet	thought
abandant	blessing	divine	eternal	grace	hard	our	promise	receive	recognition	reward	see	selves	through	waiting	welbeing	welfare	why	work	working
anything	doing	sing	sounded
automatically	bethesda	did	fallout	gaming	personally	playing	singing	started	thanks	until
goodnight	listened	thankfully
gold	recommended	some	youtube
actress	an	anyone	background	cigarette	clip	does	glass	hand	holds	man	name	over	photo
anything	broken	hearts	help	hurting	sorry
brenda	collection	dopamine	hit	however	lee	little	otherwise	outstanding	place	real	seems	singers	world
names	nice	people	photos	posted	recognized	some	video
assured	forgotten	hear	list	loved	rest	restore	sorry	your
here	real	slides	some	stars	too	were
go	iconic	images	job	most	movies	perfect	seen	sironaca	special	ve	video	why
emotion	full	loving	person	singer	true	yes
150	blame	boring	cookie	crop	cutter	duration	emotion	entire	fry	get	many	mph	over	re	sing	singers	singing	teachers	use	vocal	young
came	experienced	wish
actresses	did	distinguish	gone	look	years
actress	anyone	close	dark	does	face	featured	haired	half	see	through	video	way	youtube
an	angel	anyone	dynamite	god	had	little	men	miss	peace	second	sent	some	us	voices	women
emotion	interpretation	lot	sing	woman	wow
angel	dreaming	human	slap	some	wake
expressions	face	fits	new	nice	pictures	put	story	tell	their	those	video	whole
around	chen	end	genuinely	listening	peter	sung	touching	world
briefly	feeling	glad	heart	joy	leave	left	life	shared	us
absolutely	come	gut	hit	lot	quite	sang	sorry	unusual	ve	version	which	wrenching
arrangement	distraction	huge	images	jumping	poor
brilliant	changes	even	everyone	feel	happen	happened	heart	its	lost	makes	sad	things	thinking	wish
before	had	hear	such	touching	wonderful	words
full	give	melancholy	sorrow	use
come	devastated	does	feels	stops	times	world	yet
believe	dynamite	few	little	modern	perform	singer	superb	today
couples	heavenly	legends	many	overlapped	screen
again	hear	kind	melody	performance	unbelievable
anymore	barely	brenda	every	favorites	fifteen	goodness	heartstrings	herself	hit	home	lee	list	lyrics	make	or	reality	sang	set	singer	sure	them	torch	understood	were	younger
asking	bless	dear	friends	god	offering	our	protect	wherever
absolutely	amazing	an	brings	eyes	makes	see	story	tears
apart	been	listen	ll	lyrics	many	meaningful	movie	people	powerful	soundtracks	understand	why
compared	garbage	lot	singers	todays	total
affair	ends	moment	separated	yes
between	fantastic	frames	most	off	putting	strange	sure	transition	video
50	brenda	emotion	feeling	full	heard	heaven	lady	listening	real	singer	sounds	than	tire	years
37	amazing	an	emotional	goddard	paulette	video	way
brilliant	choir	classic	ear	left	lovely	middle	million	perfect	piano	right	stereo	strings	such	version
against	battle	ensues	glorious	gun	last	makes	stand	tyranny	vigilante
actress	an	fantastic	heard	woman
better	flows	opinion	original
almost	better	classy	describe	every	horny	nowadays	rebellious	romantic	story	than	which
called	dynamite	lil	miss	shes	why
brenda	brings	davis	does	emotion	job	originally	same	skeeter	sung
cant	greats	today	why
53	anyone	certainly	does	film	fits	singer	star	superb	well
almost	every	female	rock	roll	version	vocal
40	anybody	cute	recognize	unforgettable	woman
amazing	an	child	comfortable	command	concert	deliver	ease	effortlessly	flat	had	presence	prodigy	seemed	signature	special	vibrato	vocalist
again	an	baby	boomer	come	doubt	era	experience	lovely	lyrics	ones	post	sadly	same	seem	shame	today	war	yes	young
add	black	coupled	days	easily	effect	enhance	gone	hey	long	lovely	magic	moodier	pace	photographs	plaintive	sadder	slower	sparkle	too	version	white
audio	create	did	do	say	video	wonderful
books	english	learn	messages
either	grandpa	send	wow
commercial	heard	hilarious	samsung	somehow	until	which
get	happy	listen	listening	makes	newcomers	older	retarded	sound	turn	wonder
glory	jeans	man	morning	put	soon	wakes
funny	gets	jackson	legend	michael	played	radio	regarded	though
also	back	behind	co	crap	crowd	day	did	get	himself	history	knew	look	made	plus	rest	sadly	sell	some	stage	tunes	which	wrote
cds	days	dustbin	gary	glitter	into	over	people	probably	their	throwing	world
gang	leader	lol	want	your
an	everybody	excuse	got	honest	liking	nonce	re	rest	us
care	done	remains	same
committed	crime	discussing	enjoy	people	sick	without
funky	gen	god	instruments	parents	used	wish	wow
any	being	cool	do	exceptions	few	find	frankly	made	meaningful	nice	nicely	nowadays	performed	rhythm	seventies	significance	signified	something	sort	those	times	tunes
black	brothers	community	did	group	life	living	man	many	moving	people	perform	shows	sing	stay	swoon	talent	tavares	your
amazingly	classic	gorgeous	heard	titans
certain	every	hear	scene	supernatural
car	fire	listening	see	star	titans	waking
heard	india	kind	series	titans
fade	taking	then
around	here	mom	playing	real	right	sharing	thanks
got	heard	structured	ve
curious	living	many	members	original	tavares
bought	happy	here	supernatural	yeah
angel	around	creation	foundation	moral	our	principle	reason	us	values	wings
dance	dancing	disco	era
after	an	angel	arm	around	beegees	beethoven	boat	couples	cruise	dancing	disco	elaborate	even	fever	fifth	fires	gorgeous	happy	heaven	imagination	instrumental	kissing	lot	missing	most	must	night	or	princess	romantic	saturday	say	sea	see	ship	shoulder	though	version	walking
cannot	get	handsome	look	over	sound	stil	were
age	classic	golden	listening	pleasure	priceless	real
band	college	drum	excellent	heard	horns	line	percussion	perform	show
18	days	die	here	honestly	kind	listen	lol	masterpiece	why
gold	matter	remain	timeless
comment	eyes	future	here	leave	ll	see	tears
crying	eyes	killing	lyrics	tears
earth	heaven	shine	shined	sing	ya
2019	better	born	others	than	today	wish
falling	listen	rain	too
awakened	dream	heard	played	scared	vivid	way
cry	hold	legends	makes	myself
10	came	least	nice	played	times
better	carpenters	classic	even	get	gets	listen	old	perfect	privilege	representation	their
bag	beaten	being	birds	cat	morning	natural	paper	pure	singers	singing	sounds	spring	talent	today	too	type	unlike	wake	whose
expensive	iconized	something
20	better	born	browsing	father	found	heard	old	teenager	than	while	year
controls	each	note	notes	quality	should	sound	unimaginable
amazing	born	those	wish	year
blocks	box	comments	hey	move	please	sort	texting	way	youtube
clear	english	every	hear	karen	mother	nowadays	pronunciation	rare	sings	tongue	understand	which	word
breaking	cry	get	heart	make	part	where
bit	cry	hell	little	makes	mean	sad	surely	why
abroad	appreciate	english	find	first	happy	looking	lyric	spend	studying	understand	without
bless	comment	day	family	god	may	read	those	wonderful	your
15	been	crying	damn	do	feel	girl	kinds	life	likes	old	reincarnated	why
60s	backing	born	enjoy	oh	old	sometimes	those	vocals	why	wish
butter	cant	describe	honey	over	running
calmness	comes	every	feeling	get	happiness	hear	smile	their
an	auto	back	era	form	funny	generations	grandparents	introduction	its	lest	listened	listeners	look	many	parents	sad	say	their	them	today	true	truer	tuned	youth
because	choir	glad	head	learn	lol	stuck
close	different	eyes	heart	yesterday
loved	ones	remains	world
daughter	likes	listen	make	sad
art	artists	brilliant	develop	given	millions	museum	over	people	piece	pleasure	vocal	world
clear	colorful	die	karen	nice	unique	world	young
goes	life	memory
became	cause	crush	day	favourite	friends	go	heard	home	knowing	name	repeat	search	talking	thanks	today	without
been	before	biggest	carpenter	effortless	far	favorite	go	had	inspiration	karen	own	performing	practice	pure	recordings	singer	singing	use
after	born	clearly	creation	credit	documentary	even	geniuses	gift	given	iconic	learned	responsible	singing	style	success	their	two	watching	were
down	female	greatest	hands	heard
days	nonsense	timeless
cruel	darkness	life	short	surrender	world
70s	amazing	bad	billboard	brown	kept	leroy	pop	possibly	pretty	rock	slot	stupid	were	written
30	32	another	believe	combination	credit	depressing	deserved	duo	emotion	emotions	feeling	female	go	got	guess	hits	imagine	into	many	musicians	passed	people	personally	probably	put	relate	richard	said	sang	some	their	those	through	times	truth	well	years
day	its	listen	makes	too	wonderful
artist	break	forever	kind	live	today
an	attention	been	bring	disease	disorder	eating	even	foundation	had	its	life	lost	name	needs	passed	prevalent	question	should	singer	society	soon	such	superstars	today	too	tragedy	two	way
course	drum	famous	god	oh	singing	splendid	track	work	world
any	appreciated	did	first	game	listen	may	movie	or	recall	reference	where
anyone	got	please	share	similar
already	dare	even	into	listening	tears	video	watching
an	friend	mean	old	sounds
before	better	car	door	drive	hang	movie	movies	play	sounds	speaker	than	their	window
asleep	crying	fell	little	play	sister	started
brings	hear	ironic	lovely	most	must	sing	such	tears	voices
2019	anyway	likes	listens	mom	sings
amazing	an	attention	beating	bless	clean	crap	draw	garbage	god	karen	live	others	resort	such	themselves	without	world
ages	describe	emotion	feeling	perfection	smooth
seen
eyes	few	had	others	tears	touches	typing	way
detailed	evergreen	everything	moving	musics	quick	rip	world
1969	1973	album	anyone	bought	dad	early	far	go	had	lot	loved	mother	single	singles	such	their	then	touch	vocals
an	darn	eyes	here	listening	onions	put	running
backs	future	hope	look	many	memories	service	your
admit	days	generation	grew	ll	part	than	wasn
did	however	put	soul	wish
because	grandparents	hanging	kind	parents	why
alone	better	happened	hip	hop	our	put	rap	than	today	together
any	cover	feedback	give	hope	made
bankrupt	brother	did	hope	lived	off	problem	see
1st	70	after	background	chorus	comma	half	melody	name	noticed	piano	riff	says	shines	sings
disliked	people	taste
classic	forever	heart	people	truly
hear	imitated	its	once	resonance	totally	unique
gave	lyrics	some	speak	team	themselves	us	were	wonderful
clear	crystal	else	melancholy	recreate	remarkable
casper	change	hear	heard	key	made	recorded	ride	those	ticket
dear	friend	nice	weekend	wishes	wonderful
anyone	laugh	liking	makes	thought
artist	beautifully	fantastic	female	find	lyrics	match	written
absolutely	an	devastating	down	loss	sends	shivers	singing	spine	us
affluence	disturbing	era	heart	made	masterpiece	necessary	richness	state	than	things	valued	world
come	day	do	excited	had	knows	night	same	say	thing	thought	want	why	work
industry	loss	most	tragic	unique	voices
bloody	drums	era	fantastic	heartfelt	lost	play	pretty	problem	recluse	sadly	say	soulful	unheard	wanted
realized	singing	something
age	birth	death	old	perception	sorrow	suffering
almost	apologize	came	charge	completely	discharged	got	here	phone	preserve
000	100	around	bankrupt	barbados	becomes	being	billion	billions	business	carlos	comes	company	concern	concerns	director	dollar	fall	friend	further	get	go	goes	hinds	holders	invest	king	lawyers	managing	nothing	peter	share	suicide	than	those	why	zulus
age	god	height	left	prime	sad	singer	such	talented	us	young
anymore	make	singers	timeless	truly	wonder
another	behind	clear	damn	effortless	ended	enjoy	karen	left	listening	lot	rip	sad	seemed	sing	soon	taken	too	way	woman
able	arranged	been	brother	crafted	credit	do	enough	gets	quieted	repackage	richard	shame	soon	their	too	were	wonderfully
amazing	an	before	sad	soul	touches
anymore	bad	childhood	such	thing	too
400	bought	btw	carefully	curios	daughter	doll	dollars	find	googled	got	here	indeed	karachi	listened	loops	low	pakistan	part	preset	quality	real	rupees	singing	sound	those	where	words
close	feeling	five	happy	into	matter	seconds	tears
body	every	melodious	sings	sweeter	than
act	allergies	died	everytime	eyes	hear	lose	man	start	such	watering
asking	blacklane	bolt	boot	car	class	even	fresh	into	long	make	off	pie	sense	shove	sing	steamer	well
america	another	comment	its	nam	play	played	radio	sad	saw	video	viet
being	better	couldn	depressed	done	everything	fixed	got	help	listen	nothing	sad	sadder	undo	wished	yourself
30	awakening	chopin	cried	ending	kate	last	listening	minutes	reading	sad	straight	while
latina	mixed	or	pretty	race	singer
90s	child	house	incredible	sounds	too	track	wow
accent	although	come	dc	girl	lol	moan	southern
2019	disco	even	fresh	hear	house	often	shows	sounds	timeless
14	back	bell	concerning	end	fashionable	guess	hair	same	shape	then	times	wow
black	either	fantastic	first	girl	heard	mixed	race	singing	thought	way
1980	1981	90s	attempts	been	dead	declined	disco	july	lived	rapidly	revival	sad	short	totally	why
especially	feel	feeling	happier	itsliverpool	liverpool	low	making	track	tune
age	doing	done	dream	gifted	lot	nice	people	such	tender	well	where	wonder	young
25	age	anyone	been	before	business	couldn	dance	do	had	hair	heart	million	oh	other	people	popular	presence	retired	seen	show	showed	stage	things	wasn	why	wish
adorable	also	beyond	complexity	nuance	years	yet
after	also	band	because	being	did	due	enough	full	fully	got	hits	knew	lived	long	made	many	maybe	mostly	or	people	popular	problem	rated	say	see	stay	their	together	underappreciated	underrated	understand	were	years	yes
another	beauty	been	black	blow	call	channel	day	didn	english	few	into	laugh	longer	nice	playing	real	staves	super	their	thing	though	tire	tony	were	windy	wish	wold
another	beatles	cares	clearly	conversation	harmonies	history	hollies	level	match	part	regard	same	took	vocal
ahead	around	end	go	guys	harbor	heard	hey	horn	instinctively	into	kinds	laugh	looking	looks	nash	noticed	often	ships	things	towards	turns	wondered	yes
band	being	clapping	crazy	everyone	fantasize	going	guys	laugh	playing	told
1966	67	anybody	been	before	beginning	both	came	ears	else	familiar	first	following	heard	hearing	hey	hollies	melody	memories	might	other	parallel	see	seems	ve	versa	vice	where	whispering	wondering	wrote
any	attention	before	course	heard	paid	ve
150	1930s	actually	attack	come	future	herbert	hitler	next	novels	predict	predicting	predictions	pretty	series	shape	soviet	start	things	tried	union	wells	went	where	wrong	wrote	wwii	years
band	commented	gas	heard	kid	register	sad	station	stopped	store	system	them	tune	yesterday
bad	band	camera	deserved	did	dominates	equal	especially	face	instruments	lead	members	other	played	recognition	since	singer	too	video
14	agree	british	grew	invasion	matter	or	person	some
anyone	brilliant	come	compare	cooler	future	guys	may	soldiers	than	tomorrow	were	without
already	biography	crossed	fans	few	making	mind	or	sure	tell	themselves	two	write
afraid	answer	expert	give	guitarist	here	looks	may	right	straight
80s	anybody	beatles	else	elvis	getting	here	influential	into	ironically	likes	listening	many	old	once	saw	sounding	started	stop	them	thing	too	tunes	type
actually	admit	away	been	before	blown	embarrassed	first	listened	long	singing	took
audience	checked	doc	doesn	dream	every	get	girl	heart	hypnotizes	make	might	need	puts	race	seen	single	state	then	wish	your
after	anyone	apparently	back	birth	died	dude	end	go	gospel	jesse	late	named	resemblence	seen	singer	striking	tomorrow	true	twin
elders	gives	headache	honest	nowadays	old	were
agree	because	crap	elvis	gang	garbage	go	gonna	gucci	here	king	let	magnificent	new	or	people	person	please	replace	right	rolex	rude	seriously	sounds	today	wait
beach	dance	dream	get	hawaii	listen	partner	such	wanna
4th	did	selling	single	worldwide
because	born	circle	comment	dont	generation	jerk	kids	listen	listening	old	ones	re	section	smart	thing	wrong	youtube
20th	artists	century	come	do	guys	listening	mail	medal	most	recognizable	special	sure	want	wow	your
better	carefully	god	kind	listen	story	tells	than	way
brought	glad	guy	hearts	king	lived	lives	musician	our
charming	mother	must	naples	original	say	speak	than	tongue	version
17	40s	50s	60s	age	alternative	basic	been	bold	come	compared	conclusion	currently	existent	experience	explicit	fossils	group	here	historic	however	illicit	isn	listen	modern	non	or	others	past	people	points	pretty	profane	realise	some	taste
2019	2040	80s	another	evoke	evolution	response	similar	sure	year
creation	evergreen	melodious	romantic	sweet	wonderful
get	lyrics	many	matter	repeated	same	times	tired
anymore	behind	being	broke	came	crazy	decide	dizzy	everytime	excitement	exciting	fear	got	heart	here	look	made	night	person	running	see	seen	star	stop	ve	yes
almost	change	feeling	gonna	got	months	nothings	read	remember	strong	were	wuv
15	1998	22	boyfriend	day	first	husband	last	loved	old	send	since	together	valentine	years
aren	bullshit	give	heart	life	materialistic	their	today	true	where	written	wrong
down	gave	most	person	romantic	thumbs	want	wrong
1988	anymore	appreciated	backup	because	change	era	especially	fool	going	having	incase	may	might	nothing	otherwise	plan	ready	sacred	thought	track	true	upload	via	without
afternoon	anyone	beach	breeze	california	cool	dress	faded	floaty	lady	late	levis	linen	refreshing	romantic	sand	shirt	suggestive	summer	walk	white
lady	say	says	true
do	fantastic	little	new	should	someone	version
days	gone	nothing	people	real	sing	today
brains	deserves	despecio	humans	light	makes	most	outbeats	something	swift	taylor	trillion	video	views	wonder	wrong	years
away	breath	certain	gave	held	hug	hugs	man	mind	omg	takes	thinking	tight
1987	back	been	fucking	getting	laid	looked	lot	must	shawn	then	ve
changes	crucifix	got	lets	look	man	okay	shirt	three	times
1980	certainly	focus	soft	sure	where	without
80s	during	especially	overplayed	perfect	weddings	were
banger	believe	matter	missing	real	world	year
being	call	called	deserver	evergreen	got	happiest	life	moment	people	priceless	thing	thousand
bad	believe	change	crying	do	feel	god	going	makes	nothing	someone
everytime	favorite	forever	hear	heart	question	radio	touch	wow
42	an	been	born	era	feel	kids	lucky	make	nowadays	play	proud	them
bad	caught	change	detention	gonna	ll	lol	nothing	since	sings	teacher	wonder
attractive	been	boy	dude	feel	had	huge	movie	natural	pinup	romantic	screen	seemed	side	soft	star	teenage	typical	ve
18	ago	change	feeling	gonna	its	lovely	loving	married	nothing	same	says	truly	wife	years
2018	add	ago	an	couple	didn	find	had	honest	idea	innocence	kid	may	seems	sung	until	weeks	years
been	benson	better	called	classified	emotion	feelings	george	glen	had	hit	overall	popstars	pretty	sang	some	than	tune	wonder
attention	create	heart	inside	listening	live	snatched	taught	uncle
although	blue	budget	front	lol	lowest	probably	screen	seen	ve	video
aged	almost	cute	downhill	go	guess	guy	handsome	harder	looked	looks	middle	naturally	preserve	re	sad	should	though	typical	ve	wish	worked	young
ages	anymore	day	why	wrong
80	90	born	came	even	though	wasn	yet
again	believe	blessed	brightens	face	feel	first	god	hard	heart	its	lost	may	melts	moon	send	stars	stop	sweet	thinking	thought	thoughts	too	ve	wait	walker	wanna	way	world
complaining	first	go	guys	listen	ll	make	stop
day	kind	listening	make	real
an	chock	college	cool	curious	educator	emerge	era	full	hi	himself	imho	mederios	mr	ones	pop	prep	president	pretty	reinvent	romantic	school	went
behind	better	etc	gonna	modern	other	take
actually	days	its	looks	meant	something	videos
2017	cry	do	everytime	funny	girlfriend	hope	its	makes	sad	same
find	innocent	kind	video	where
beat	classic	excellent	its	romantic
easy	exactly	hear	innocent	right	says	simple	wants	woman
country	currently	going	husband	meaningful	present	real	reduced	sent	tears	through	tough	words
here	live	quite	record	singing	sounds
ain	amen	anymore	gonna	loved	peace	performance	rest	says	scott	shine	sun	talent
background	definitely	live	performed	sure	vocals
awesome	limitlessly	parallel	reincarnated	universe	want	where
after	another	beginning	cause	cockamame	come	dead	door	dream	idea	improvement	light	loving	lucky	make	mean	move	our	rest	room	says	second	seeing	should	special	sure	true	tunnel	wait	way
group	hear	live	nice	sounds	studio	version	well
better	brothers	did	frankie	hear	mind	must	original	recollection	slow	than	thinks	too	valli	version	walker	yes
better	did	fast	four	horrible	seasons	thinks	too	version
again	apparently	came	do	hear	heard	loved	myself	need	supernatural	thought
any	anymore	gets	gonna	looking	lose	man	son	way	wife
arms	come	downy	easily	even	fore	hair	interesting	means	scott	see	technology	tendons	todays	veins	vintage
60	again	along	appeared	association	brothers	case	comes	didn	had	info	interested	jim	live	mary	original	re	realize	recording	show	singing	smothers	sophisticated	such	technology	thanks	tube	where	yester
50	60	70	appearances	artists	back	band	didn	do	easy	engineer	even	frequently	get	making	need	needed	sound	studio	technique	tracks	used	weren	whenever
bass	cool	did	easy	echoed	emptiness	excellent	four	going	line	lose	lyric	miss	musically	nothing	piano	place	re	seasons	spectorish	start	stuff	win
further	guys	made	nice	real	should	sound	theme	voices
1966	20	ain	also	among	anymore	aren	aware	beatles	been	brothers	charting	club	country	did	especially	fact	fan	girls	gonna	high	hit	larger	lead	less	most	new	number	particularly	people	popularity	reached	said	scott	shine	successful	sun	teenage	than	their	uk	vocalist	walker	well	which
1965	1966	2019	brothers	december	do	does	frankie	justice	label	originally	recorded	released	single	smash	successful	valli	walker
11	19	29	day	end	here	keep	listening	powerful	timeless	until
beyond	eternal	had	idea	their	theme
away	else	father	got	here	its	listening	morning	nearly	passed	shine	smiling	somehow	sun	sure	thinking	track
000	50	80	agree	ain	alone	anymore	being	company	favorite	funny	garbage	gonna	itunes	made	marin	most	mr	none	put	shine	stand	stands	sun	surname	their	today	trio	walker	wholeheartedly
america	american	an	band	britain	brothers	did	due	famous	history	made	may	righteous	than	walker
alike	an	artistically	because	both	brothers	confuse	deal	deserve	groups	magnificently	masterpiece	outstanding	probably	reason	respect	righteous	some	sound	sung	unforgettable	walker	wow
2019	28	again	aloud	apt	do	every	four	listening	listens	loving	or	second	sept	should	singing	three	trick
gonna	head	ones	rings	shine	sun
60	ago	couple	day	era	every	fantastic	instruments	into	listen	lyrics	missed	posting	ran	somehow	thanks	video	voices	weeks
10	doomsday	favorite	knowing
clarity	depth	deteriorated	listen	male	sad	sounds	timber	today	vocalist	way
definitely	even	five	loved	many	tire	today	top	years
bad	create	didn	enjoy	forever	greatest	history	master	musical	pieces	too	us	voices
break	crazy	drama	easy	had	meaning	real	some	take	yourself
day	dead	forever	generation	get	glorious	god	listen	musicians	our	shared	us	wake
60	available	back	beautifully	classic	crafted	defining	equipment	era	given	haunting	many	moving	recording	sound	them	then	those	way	were
artists	fame	generation	lust	new	nobody	nowadays	sing	sucks	today	touching	write
better	each	got	listened	million	perfect	times
19	60s	additional	amazing	away	blows	correct	drummer	fantastic	format	headphones	hearing	hidden	its	kan	magnificent	mind	off	our	player	presenting	production	ps	record	some	somewhere	stereo	thru	try	uk	your
beam	captured	day	died	download	era	had	own	scottie	shined	since	sound	sun	their	yet
been	company	create	intelligible	orchestra	overwhelmed	record	version	vocals	wish
an	awful	camera	clever	clip	considered	day	despite	irritating	its	obscuring	performance	perhaps	singers	work
brilliant	detract	difficult	elsewhere	imprinted	look	mind	once	seen	sound	such	tight	trousers	way	wish
feeling	hear	here	innocence	its	kinds	life	little	original	pure	spirted	such	vocals
again	any	arrangement	because	better	compare	doesn	every	favorite	few	get	harmony	hear	ll	past	perfect	super	than	those	today	way
60s	ballads	brilliant	engel	full	given	masculine	melancholy	mid	pop	scott	throttle
before	going	here	keeping	pretty	ricky	watch	were
bass	bottom	does	here	home	tell	well	whopper
80	90	back	bass	classics	early	era	florida	had	honestly	lock	many	mid	say	south	those	through	whole
agree	an	any	anything	ask	cookout	every	family	fits	genders	generation	greatest	hey	let	listen	muchm	other	party	play	races	same	seemed	situation	tell	them	type	ya
beat	coincide	degrade	diss	downgrade	innovate	inspire	lost	made	motivate	na	need	or	purpose	sha	want	were
because	called	felt	men	our	soft	told	try	where	why	women	your
ago	been	bit	come	do	email	few	information	intended	little	lot	months	next	schedule	see	solely	week	weeks
age	classic	comments	dumb	exactly	life	may	means	nor	other	others	say	than	their	tomorrow	twice	whatever
age	await	ball	dudes	had	imagine	leo	less	listen	man	many	masterpieces	natural	passed	pop	radio	such	talent	tarts	them	then	today	wailing	written	young
amazing	enchanced	era	graphics	hd	real	simplistic	something	special	those	yet
end	happens	paint	pretty	too	wearing
after	amazing	came	cute	grandma	guy	here	listening	singer	smile	street	sweet	yes
after	amount	dog	here	included	lady	media	myself	people	powerful	seeing	singing	source	such	sweet	twitter	unbelievable	video
after	came	chihuahua	dog	here	herman	intelligent	jack	listening	lola	loving	malinda	mix	most	owned	rescue	russell	say	sensitive	singing	terrier	than	too
different	find	first	format	prefer	seen	soothing	ve	video
able	beauty	bottom	delivered	heart	measure	message	today	tomorrow	twice	unfortunately	weight	word	youngsters
advance	been	chorus	com	goes	hard	https	months	off	or	remember	s160cdsw59ye	same	similar	something	starts	thanks	trying	ve	vocaroo	way
boyfriend	future	say	sing	tell	than
hear	man	over	sing	special	way	young
after	came	did	girl	girlfriend	happened	marry	new	real	scruffy	then	unattractive	wonder	zealand
another	around	bulls	dance	days	epileptic	feels	guy	look	lot	noise	seized	those	today	way	were
cars	clear	drive	late	night	relaxed	streets	tune	vibe
california	car	desert	driving	golden	imagine	listening	moment	roadway	sunset	through	warm
dear	film	permission	re	short	sir	too	use	want
forget	gives	leo	life	many	memorable	singer	singing
boot	looking	talented	well
80s	any	broadcast	classics	early	era	get	huge	many	other	pop	radio	streaming	than	them
70	80	art	care	day	generation	musics	part	signers	true	were	wish
before	bit	breath	came	every	gather	sounds	take	than
another	cry	do	guy	make	mean
else	gift	giving	goes	keeps	someone
dance	dancing	friends	keep	mind	physically	your
another	elvis	guy	original	singer	thought
annoying	assume	certainly	dancing	does	feel	himself	judging	leo	listeners	make	sayer	video	viewers
crazy	eye	fell	full	insane	loud	singing	sometime	sorrow	tears	unsaid
action	afro	apparent	background	bizarre	bob	down	entire	hot	painting	reason	ross	seriously	some	throughout	video
40	an	brought	c9	daddy	dated	film	haven	here	home	instrumental	myself	sweet	thought	vintage	yeah	years
80	adult	arranging	away	complete	couple	dozen	golden	later	made	melody	message	oldies	or	orchestration	other	outstanding	pull	simple	standards
countrify	course	day	may	nice	version
dislike	hits	home	right	someone	such	understand
better	devices	digital	excellent	far	lyrics	modern	produce	real	rely	singers	singing	than	versions	which
arts	class	family	fan	future	happiness	health	legenda	life	light	luck	musical	nice	prof	real	rock	sing	soft	too	young
accepting	age	big	come	currently	dates	dudes	every	girl	guy	ha	hair	im	international	mean	pink	pretty	range	sing	suit	them	want
cutting	doing	gifts	giving	making	pictures	them
absolutely	favorites	hearing	tire
cup	extremely	heart	isn	some	tea
1980	around	boyfriends	brother	doormat	favorites	gonna	let	look	safe	sort	tell	though	use
care	clown	funny	guy	hospitals	kids	least	leo	most	nice	nonetheless	others	people	sick	singing	started	thinks
going	got	opening	or	painter	richard	seeing	simmons	softly	speaks	suggest	thing	video	well
afraid	feel	sad	someone	such	tell	your
age	comes	dear	friend	glad	important
