an	angel	ever	forgotten	him	kid	listened	mist	never	singing
17	age	around	comforting	early	find	forgot	gentle	graduated	grew	grow	how	jesus	job	leave	little	loving	most	mr	never	no	people	pretensions	reeves	simple	smooth	sounds	sweet	they	think	town	who
everyday	him	mum	played	who
appreciate	because	child	cry	death	every	fear	funerals	got	heard	jim	over	reeves	reminded	rip	souls	touches	your
70	changes	didn	do	how	jim	reeves	teenager	then	things
71	also	comes	feeling	jim	listened	nostalgic	puts	reeves	since	tunes
18	1966	47	67	able	aisle	an	apc	babies	both	came	cry	dianne	down	driver	foreboding	girlfriend	gunner	hawaii	hear	high	inducted	into	june	knowledge	laid	later	make	married	marry	might	months	not	our	out	senior	texas	took	usmc	walk	wedding	year
1964	also	before	charity	colour	concert	death	dvd	few	interviewed	jim	june	length	norway	only	picked	rare	shop	weeks
47	are	be	can	contents	follow	god	grew	heart	its	jim	lord	muslim	only	our	places	praise	praises	reeves	seen	some	sure	type	universal	well	words
grew	jim	lane	memory	reeves
1970	cry	dance	every	favourites	grandfather	grandparents	hear	hearing	jukebox	makes	pub	wonderful
fine	gentleman	jim	our	parents	played	player	record	tune	tunes
44yr	album	away	can	drift	happy	him	jim	reeves
60	early	england	fantastic	jim	john	listened	lot	reeves	singer	takes	wonderful
1966	coming	heart	young
father	favorite	jim	kid	lps	played	player	record	reeves
1966	born	by	everyone	missed	number	singer	well
hear
remembering
children	comfort	lot	parents	played	they	too
bring	candy	fond	jim	mom	momma	oldies	over	such	these
him	how	if	known	only	would
away	dance	get	goosebumps	has	little	mom	passed	play
be	being	cannot	child	furniture	gramaphone	grandparents	house	itself	jim	made	piece	played	replicated	small	somehow	sound	such	suited	these	today	tone	vacuum	valves	well	wood
away	be	both	boy	can	each	everytime	favorite	god	hear	hums	late	mom	played	radio	too	way	young
59	almost	country	crash	death	favorite	forever	jim	live	plane	reeves	shattered	singers	untimely	what	will	world
army	came	home	jim	join	left	make	mum	our	out	piece	play	played	player	record	reeves	sure	them	they	till	told	wore	would
amazing	country	get	mum	never	over	peter	remind	served	thinking	while	will
40years	ago	boy	drinks	ever	few	house	jim	live	long	only	party	reeves	sing	would
be	captured	died	everyone	favourite	happy	hrs	jim	last	mum	reliving	sadly	shares	spent	such	thank	who	will
10	about	after	away	came	correctly	crash	died	disc	if	jockey	mr	news	out	over	passed	plane	reeves	said	wire
30	47	australia	away	blue	caught	child	heard	hearing	husband	not	out	sing	started	straight	sung	western	whilst	words
are	asked	both	father	going	gone	him	into	law	loving	mary	mother	name	people	them	they	war	world
gentleman	jim	mary	name	too	well	young
give	kid	more	soon	taken	too
ago	awesome	bless	distant	drums	god	inverness	jim	jims	listened	since	singer	teens
genesis	punk	rock
cafe	little	mom	played
2006	away	cry	favorite	frequently	grandmother	hearing	him	listened	makes	passed	quite	september	since	singer	thinking	want
happy	parents	times
60s	70s	again	big	breakfast	bring	could	dean	does	early	every	fix	go	gosh	hank	jim	jimmy	jones	late	morning	nearly	or	pancakes	put	reeves	sausage	some	sunday	us	williams	wish	would
cash	granddad	jim	johnny	liked	reeves	who
again	arranged	beautifully	during	enough	era	how	kind	know	knowing	labor	live	lucky	makes	never	produced	real	record	sad	see	smile	well	will	written
takes	track
an	around	awesome	cheer	down	face	grin	how	lane	live	long	memory	other	thank	then	trip	where	wonderful
classic	do	hanging	sure	there	throw
31	babe	been	god	husbands	joke	months	no	passed	rip	since	sing	use	will	yrs
1974	brilliant	last	remind	wen	year
fell	gosh	oh	sweet	then	tune	youth
70	94	az	classic	fm	gold	graffiti	jack	kool	phoenix	posting	show	thanks	weekend	wolfman
day	heard	most	thought
best	lady	north	oahu	shore	some	special	sunset	watching
42	after	attention	because	broke	choose	competing	growing	guy	heart	ladies	other	reconnected	turned	young
1990	after	again	are	bawled	beatles	broke	came	checking	did	elvis	eyes	gate	get	guardhouse	lump	not	out	people	play	radio	sight	throat	together	wife	work	young	your	youtube
are	elvis	everytime	funeral	grandma	head	listen	played	really	there
life
everything	hear	imagine	life	live	lyrics	side
10	been	broke	ever	heart	later	loving	more	most	regret	relationship	should	transparent	woman	wonderful
along	amazing	are	blessed	both	can	curled	deep	fathers	give	glad	how	lap	life	mary	most	mum	receive	sat	shared	showing	singing	sung	thank	them	they	together	welsh	while
happy	reminded	usa	which	youthful
baritone	could	everytime	golden	growing	hear	heard	makes	nostalgic	swoon
11	adults	announcement	around	aunt	came	died	elvis	family	go	into	kitchen	shock	shocked	standing	too	tv	watching
child	how	mum	rip	sing	sweet
eyes	tears
45	67	alive	bought	came	favorite	mom	motown	out	record	sound	then	well	yo
19	came	out	some
black	college	fantastic	group	guys	heard	probably	radio	soul	steve	teens	these	they	thought	winwood
60	70	fantastic	rock	times
14	17	boot	fantastic	heard	mono	no	radio	stereo	steve	winwood	year
sure	thats
francisco	san	way	what
an	died	laura	name	wife
16	clearly	dancing	mama
everyday	hearts	laura	longer	mum	name	no	our	remains	sing	us
80s	depressing	early	ever	heard	kid	most	mum	tape	thing	thinking
banger	cars	do	lorry	meeting	our	played	race	racing	times	way
11	away	cd	grandad	him	learned	listens	lost	passed	sadly	will	words
1993	como	italia	laura	thank	turn
lovely	made	thank	us	video	what	work
bring	changed	daughter	dont	even	eyes	growing	hear	if	im	know	late	later	leoni	life	mum	name	obviously	play	radio	sing	stuck	tears	teens	thats	them	toddler	tunes	which	would
dads	favourite	last	lost	singers	year
absolutely	artist	come	favorite	grandfathers	jim	reeves	thank
dear	distant	drums	jim	maybe	memory	reeves	unforgettable
banned	been	bonnie	lies	lol	ocean	over	personally	radio	sad	sing	think
1960	big	charts	hit	memorable	no	teenager	wander	weeks
lol	some
14	20	90s	after	ask	best	bullshit	called	contact	courage	during	early	ever	facebook	flowing	found	friends	girl	got	happily	joking	kids	later	laura	living	long	married	messages	met	never	our	out	part	plucked	separate	true	ways	went	year	young
blackstone	crossroads	laura	lived	where	wonder
child	him	oh	sing	such	use
forget	gonna	jim	never	sad	they
along	grandad	grandparents	hearing	jim	nan	reeves	rip	singing	who	young
been	different	experienced	head	lot	shoulders	then	things	wish	would	younger
bring	yesterday
be	caretaker	embarrassing	everyday	find	life	men	need	sang	sing	sweet	tommy	usually	would
about	ago	also	been	check	choice	completely	composure	couldn	favorites	funeral	grandad	guess	hit	home	kept	lost	makes	mary	melancholy	more	named	nan	over	peaceful	perfect	played	quite	really	relatively	service	soon	started	there	thinking	throughout	too	uplifting	us	utterly	which	year
ago	can	chronic	constant	danced	dancing	engaged	got	husband	jim	listen	live	mining	no	over	pain	passed	reeves	sing	who	worked	world
age	alive	brought	father	feelings	kid	living	lot	man	mum	parents	played	prime	teen	younger
73	alive	be	lord	take	what
20	21	3rd	about	acknowledge	after	again	ago	also	an	anita	anna	be	before	damn	depending	few	gf	grocery	hadn	hooked	house	into	knows	last	live	macias	might	moment	more	mother	mothers	name	oct	or	ran	reconnected	see	store	then	think	tv	watched	what	whether	who	year
73	around	elvis	king	late	let	mother	stay	talk	true	watch
after	believe	day	hard	less	passed	re	than
an	bedroom	can	deep	elvis	etc	ever	forget	here	him	how	looks	oldie	posters	singers	surpass	these	tuning	videos	wall	wonderful	younger
58	before	booth	bought	changed	chemist	local	oh	our	times
happy	heard	only	schoolboy
1965	2018	25	53	60	78	band	called	decca	fun	gets	golden	got	has	heard	hello	included	june	knows	list	lost	made	might	miming	net	our	play	played	presidents	radio	recording	reflection	released	rock	romance	singing	takes	together	trend	video	who
wasn
6pm	become	big	called	channels	dances	did	even	going	group	hear	him	home	hurry	kings	life	local	never	our	played	sing	some	star	such	teen	teenage	then	they	think	times	tv	went	what	where	would
31	again	ago	died	do	ever	get	greatest	ll	lovely	mum	rip	start	today	your
angel	blue	christmas	every	favorite	gram	happy	lps	orbison	our	play	roy	stereo	times
16	about	aunt	cousin	cute	dum	everywhere	favorite	go	haha	little	lonely	lot	only	orbison	play	roy	singing	yeh
concert	got	him	mom	pictures	some	took	visited	ya
an	awesome	bro	brother	cat	died	few	greatest	hear	memory	roy	stevens	thats	think	though	tie	whenever	who
bless	god	him
50	60	are	best	if	live	most	not	these	times
nostalgia
fantastic	grandparents
girl	listened	little	lot	thanks
after	album	boyfriend	loosing	out	such	wore
ago	an	asked	be	because	couldn	decades	developed	did	different	done	him	if	impossible	interview	learned	never	nobody	person	probably	roy	said	sang	someone	something	style	tell	told	why	would	young
1988	able	after	appreciation	away	been	came	could	drop	enough	every	father	few	front	growing	has	hear	heard	him	lucky	mum	not	november	passed	pin	play	roy	said	sang	seats	see	since	such	thank	times	uk	unfortunatley	weeks	went
able	again	be	done	fantastic	hear	live	lot	past	quality	revisit	singers	superb	thanks	these	through	took	treasure	video	well	what	youtube
able	also	anyone	artist	be	by	can	charts	country	crossed	grows	happened	how	impeccable	never	not	over	perfection	pop	pure	record	shot	sung	technically	unforgettable	well	which	who
ago	country	oldies	takes	these
grannys	party
40	50	60	about	anything	kid	lou	nc	never	raleigh	thought	top	what
45s	be	bursting	country	day	don	favorite	gave	girl	grandmom	happy	heart	hello	home	honey	house	little	over	playing	said	take	them	until	walls	why	will
can	country	girl	hearing	little
end	never	they	thought	yes
1985	86	country	doing	during	favorite	help	kid	please	sing	soulful	sweet
ago	holiday	lovely	parents	times
apply	lots	navy	today	words
child	thank
grew	hall	party	rock	roll	teenager	then	town
1950s	1960s	during	grand	growing	ole	opry
60	70	entertainment	forward	late	least	lip	live	look	not	our	singing	started	these	weekends
remembering	young
girlfriends	jukebox	radio	thank	wow
young
such
away	oh	ya	yes	young
mama	over	sing
1979	an	asked	bar	barbados	barmaid	bought	by	coffee	day	dec	disc	europe	hank	heard	here	label	lp	middle	name	next	paper	pickwick	postings	rare	singin	store	thanks	unknown	who	wrote
ago	brought	country	kind	long
ever	hank	him	locklin	since	thank
an	chair	clack	clipy	daddy	go	rocking	sing	sleep	use	would
getting	hear	heard	thank	unbelievable	yokel	younger
being	country	fed	figure	force	go	kid
few	takes
mom	omg
eyes	gives	gold	grew	recall	tears
57	an	be	child	country	hood	into	not	really	remind	weeks	will	yes
admit	come	eyes	know	makes	water	your
again	are	calling	child	country	find	grandparents	hate	hillbilly	myself	no	or	other	parents	played	reason	rock	singing	than	they	whatever	wish
artists	black	do	night	our	saturday	seeing	sharing	sure	thank	these	tv	white
are	around	delivered	heads	lovely	message	minutes	only	our	play	records	ring	singer	these	thumbs	unbelievable	well
bed	child	dancing	even	feel	him	imagine	place	sick	sing	some	would
dancing	don	lt	mom	play	sad	stories	such	they	today
55	dancing	has	mother	only	parents	passed	posting	thank	watching	wedding
reminiscing
10	30th	70	ago	august	away	learned	memory	mom	passed	roller	skate	thank
lovely	such
everyday	family	happiness	teen
62	ago	him	married	mum	passed
day	drinks	family	few	friends	get	mum	these	times	togethers	who	would
dance	definitely
40yrs	about	ago	by	club	engelbert	last	night	remind	waltz
grandma	grandpa	kind	makes	ol	these
happy	mum	playing	radiogram	records
bad	lot	some
dance	end	forever	last	lingers	listen	mind	must	nice	should	until	waltz
grandparents	how	listen	lyrics	play	seven	strange	they	understand
are	dancing	do	grandparents	hope	sweet	they	wherever
charge	church	got	liked	out	person	play	played	wedding	went
70	around	aunts	dance	end	floor	late	man	mid	older	receptions	twirling	uncles	wedding
bring	engelbert	humperdinck	thank
1968	dance	gramophone	griffiths	has	instructions	mrs	our	played	primary	shouting	student	taking	teacher	us	waltz	would
already	because	best	can	dance	danced	daughter	during	even	gone	hand	hands	happened	heart	high	him	hold	how	hug	junior	last	lend	night	our	papa	played	prom	remained	saying	senior	thing	tight
70	boyfriend	sentimental	theme	yahooo
1960s	bus	fairground	girl	go	happiest	happy	innocence	largs	life	little	mum	pal	playing	remind	such	trip	waltzers	went	will
60	late
ex	girlfriend
remembering
bedroom	below	kitchen	life	mother	playing	radio	sun	sunset	sweet	takes	then
day	friend
1970	british	club	happy	legion	people	tranent
60th	anniversary	danced	diamond	forever	last	parents	such	their	wedding	weekend	will
1969	danced	exact	record
ago	died	hear	him	play
nostalgic
2016	before	daughter	died	happy	mant	our	wonderful
ever	marvelous	tastefully	what	young
amazing	era	fell	grow	lucky	memory	thanks	these	where	wonderful
anymore	blast	don	house	little	make	our	past	playing	them	they
15	20	far	favorite	until
11	15	1927	2009	april	dancing	feb	jensen	june	living	mom	our	remembering	room
2019	anyone	remembered	sing
also	blasting	child	elvis	frank	full	grandma	grew	house	jones	mother	our	passion	presley	sinatra	tom
about	ago	another	because	find	girlfriend	guy	him	kid	left	long	sad	then	who
funny	girl	kid	only	singing	thought	young	yrs
everytime	granddad	phenomenal
every	has	mother	played	sunday	what	wonderful
1977	kid	really	reminding
anytime	be	because	careful	daddy	favorite	hear	if
1968	engelbert	glad	grew	high	real	released
coming	daddy	father	hang	home	loves	next	omg	philippines	there	year
20	child	grandfather	grandpa	heard	heaven	him
feel	listened	make	missed	never	people	place	rewind	something	tried	where	who	wish
2019	are	flashback	gone	july	only	remains	uncles
bottom	cause	creator	every	everything	father	granddaughter	happy	heart	here	him	know	law	our	papa	re	right	thanks	will
each	every
album	engelbert	humperdinck	list	play
after	are	can	closing	eyes	forever	help	lost	nothing	play	relive	remove	them	these	us	while	yesterday	your
2018	pops	someone
if	own	self	stirs	written
better	can	day	did	fantastic	go	heart	make	or	person	place	radio	relive	sounds	special	then	way	your
be	bring	lonely	partner	please	sin	someone	sweet
1975	take	what
again	amazing	blast	buried	come	deep	growing	haven	heard	mid	mind	past	power	real	seventies	something	suddenly	surface	takes	transport	wow	your
amazing	child	damn	every	everything	feel	felt	gave	happy	how	its	makes	ok	out	parents	reminding	secure	sharing	should	such	thanks	then	what	world	wow	yet	young
right	thats	there
about	age	be	down	fantastic	how	lane	memory	never	omg	replaced	take	talk	trip
almost	happy	lovely	posting	such	teary	thanks	vivid
70	band	by	catchy	favorite	magic	right	takes	think	though	track	tune
ago	brothers	long	sisters	thanks	uploading
classic	don	make	nowadays	pilot	takes	thanks	younger
again	be	by	dream	few	gone	happier	look	moments	there	these	times
bringing	by	can	comparison	day	feel	fore	kids	knew	looks	mattered	modern	more	musical	never	nostalgic	offerings	pale	real	realize	than	thank	themselves	they	today	youtube
again	closing	evokes	front	future	life	spend	twenty	wishing	wonderful
50s	again	mid	suddenly	teenager
25	afterwards	attendance	attractive	away	called	dairy	disco	doing	drive	driver	drivers	enjoyed	equipment	especially	fork	has	help	him	how	john	ladies	lift	london	lot	lovely	mobile	other	pack	parties	ran	set	sloop	stay	take	these	truck	turn	various	west	will	worked	young
ever	record	thanks
70s	child	drop	emotional	makes	middle	pilot	simpler
could	go	wish
brought	glad	pleasure	southam	thanks
birthday	buying	record	sister
49	ago	did	thanks	then	uploading	young
part	pilot	thanks	these
tune
aunt	ever	hear	remind
amazing	anthony	clich	concerned	full	no	walsh	where
12	also	an	any	by	can	caught	different	don	early	even	eye	get	girl	incurable	issue	know	later	look	months	more	motown	platform	play	realize	rock	romantic	then	think	though	undergraduate	vividly	who	why	woman	young
14	21	30	ago	another	anyone	cheated	dated	else	ever	has	if	let	man	married	marry	mary	mother	name	naver	not	or	passed	thornwell	wait
20s	62	captivating	could	do	god	hi	holgmany	house	karaoke	mid	mum	new	parties	rest	sang	soul	wish
1997	59	aged	an	around	australia	belfast	both	child	died	drinking	incurable	left	missed	mother	murray	romantic	ruby	sadly	same	sing	smoking	soon	sydney	too	victim	world
ago	bless	brother	heartthrob	innocent	life	more	older	ruby	simpler
20	another	are	awake	barrack	bond	favorite	fellows	heard	him	listen	nights	out	played	room	said	should	stay	sunday	ted	there	they	tooting	top	version
60yrs	ago	an	fast	go	gram	magical	masters	moments	mum	putting	radio
13	died	favorite	mums
76	aussie	fan	keen	mad	some	sure	wow
listen	looked	mom	sing	sounded	young
1950	58	8th	along	basco	been	beginning	brother	fellow	ginnie	ginny	going	grade	graduated	happy	has	havu	knew	maddox	name	nickname	older	once	other	sang	skip	skipper	some	spelt	students	teenage	their	then	together	virginia	walter	young
be	brewer	cleaning	don	growing	hearing	house	mom	really	sing	sounded	teresa	use	would
father	page	patti
72	bought	im	off	out	reach	record	where
75	how	last	made	playing	them	these	todays	will	youth
after	big	brewer	fan	father	kinda	lady	named	partial	sharing	teresa	thanks
after	amazing	are	billy	can	darling	do	hear	heaven	jillian	least	log	most	place	playing	singer	thank	us	week	whole	wide	wish	wonderful	world	your	youtube
billy	eckstine	feel	full	hearing	melancholy	nostalgic	sing	warm	what
after	billy	cardiff	concert	eckstine	met	see	sixty	together	uk	wales	went	wife
are	gem	made	posting	share	superb	thank
takes	teen
1950s	alive	be	beach	best	bet	billy	boy	early	eckstein	golden	him	if	island	lido	live	long	only	parents	room	see	sounded	sounds	standing	then	took	tour	young
50s	bye	club	impersonate	kyrill	morgan	mr	trinant	use
50s	family	lovely	nostalgic	sing	singer	some	takes	these
along	boone	came	can	clearly	danial	door	ed	green	hear	hilarious	oddly	radio
1962	ames	boone	born	character	connect	daniel	didn	ed	later	mingo	niece	playing	quite	series	sing	until	well	would
1989	around	born	dance	daughter	don	hold	house	how	know	memory	months	precious	sing	stumbled	sweet	wonderful
almost	ames	carson	ed	hilarious	johnny	lost	manhood	show
2002	being	generations	grandparents	head	passed	play	since	stuck	through	would
61	born	child	clever	grandfather	lyrics	sang	voices
actually	baby	chorus	daughter	ever	haha	heard	sharing	sing	step	thank	ve	video	whole
55	born	literally	memory
2015	been	brain	comes	down	embedded	fifty	filtered	flooding	granddaughter	grandsons	has	into	later	little	nine	only	or	parts	since	subconscious	three	ve	wonderful	yes
26	above	adore	baby	beloved	daddy	father	heaven	high	kisses	listen	listens	not	our	thousand	times	who
happier	reminder	sincere	times
50	60	again	computer	did	ever	experience	no	play	sit	then	today	well	what
could	covey	did	emotion	female	fifties	lyrics	singers	sixties	such	sweet	they	today	wish
1952	born	entirety	hear	its	lullaby	mum	sang	wonderful
day	every	mum	who
17	another	army	be	bitter	exact	home	join	left	memory	morning	out	playing	radio	really	record	story	sweet	turned
away	boy	came	children	ever	fortunately	going	goodbye	haven	heard	jimmy	kid	later	married	named	never	older	out	passed	raised	sang	say	sharing	since	sister	started	steady	thanks	they	two	until
23	age	brother	crying	died	hearts	him	jimmy	name	never	stopped	want
an	been	billy	boy	brother	far	felt	got	happier	heard	jimmy	little	long	lullaby	mother	nickname	nicknamed	nonetheless	sad	sang	sharing	since	such	thanks	too	tyke	upbeat	while
been	brought	danced	eyes	girls	god	hurts	million	not	tears	terribly	thanks	them	thinking	tune	uploading
94	after	ago	bless	by	can	dry	fifty	going	hand	heard	look	mangle	mum	not	putting	see	seven	since	strong	there	through	us	washing	year
because	child	cry	funny	made	played	sister	thought
cry	girl	little	older	play	see	sister
again	could	friend	july	left	over	see	wish
10	again	badly	been	could	died	even	get	gone	him	jimmy	life	may	over	see	though	try	well	wish
13	again	appeared	been	enjoy	lovely	posting	thank	wanting
lovely	usa
shows	tv	watch
1950s	dickie	lovely	remembered	singer	valentine
50s	again	nostalgia	singer	times
an	are	asset	consider	corn	crooner	dickie	earned	entertainer	favorite	guy	lovely	make	microphones	missed	near	no	period	rip	sadly	silk	singer	their	they	today	what	where	words	writers	writing
6rtr	germany	happy	munster
absolutely	be	ernie	feel	ford	forgotten	hear	lovely	makes	never	past	should	whenever
brilliant
crazy	mother	play	post	such	thanks
1954	55	afn	army	every	germany	hdqrs	hit	luxembourg	most	night	played	radio	seventh	stuttgart	uk	us	while
happy	younger
believe	can	crying	gone	life	long	man	mom	oh	posting	sang	singing	thanks	write
broken	copy	favorite	fifties	found	got	here	mine	pleased	put	thanks	way	who	youtube
age	high	wonderful
every	morning	parents	played	saturday
every	hear	kind	listen	mom	morning	sunday
16	1963	youth	yrs
are	bring	could	don	know	missing	must	people	sing	these	they	what	wish
clasmate	danilo	heard
10	50	60	brenda	dear	early	emotions	hearing	late	records	such	thank	turn	wonderful	year
1963	boat	by	bye	decades	heard	holds	missed	numerous	strong	way
could	during	how	listen	lovely	meaningful	performing	see	them	turn	wish
end	nostalgia	world
12	1963	brenda	lee	pretty	such	well
beautifully	bring	classical	hauntingly	these	what
every	hearing	melody	sends	tune
10	11	booming	by	foley	gal	introduction	not	or	red	such	sure	tv	what	year	young
flies	how	oh	only	wow
anything	backwards	be	being	by	currently	enriched	era	exchange	fact	forwards	garbage	goes	going	issues	kids	lives	matter	no	not	played	previous	teen	terrific	their	tune	wise	would
1963	high	sad	senior
13	1963	explosion	happening
brenda	davis	didn	exposed	grew	know	skeeter	soul	until	version
brenda	crush	lee	lol	older	than	two
10	again	big	bless	chart	found	god	later	only	out	played	sad	sister	sisters	some	take	why
artist	brilliant	everlasting	greetings	ireland	youth
again	davis	do	hard	heard	skeerter
2006	broke	down	left	played	radio	sixties
being	day	ends	every	guess	human	knowing	listen	literally	little	lots	meant	nostalgia	not	reasons	someone	suppose	toddler	what	world
away	because	cancer	early	growing	lord	passed	sister	took	young
thank	video
bring	radio	thankful	wonderful	youtube
50	after	ago	apart	clock	could	drifted	gail	if	only	turn
film	grow	hit	knowing	make	never	passed	sad	stars	them	they
2019	70	asking	been	better	bringing	lived	radio	really	seirus	station	what	which	why	world
2019	60s	70s	november	really	remembering	take	these
another	don	dreams	has	kind	know	magical	mesmerizes	nostalgias	some	soul	spell	takes	word
are	fav	late	lonely	sister	these	us
singing
16	1963	cry	makes	youth
adore	nostalgic
1963	63	accident	also	an	avery	bad	basketball	big	brenda	champs	dear	devistating	died	ever	every	friend	girl	got	graduation	grandfather	high	junior	kennedy	lost	never	night	part	president	second	senior	shoot	since	singer	small	state	well	where	year
absorbed	been	every	knew	may	sang	sleep	understood	word
enough	liked	meaning	thank	understand	young
across	be	best	cement	child	hardened	has	heard	long	really	since	stumbled	takes	ve	version	wet	will	world
1963	50	barber	came	can	cents	during	go	haircut	home	lunch	morning	no	paid	plus	saturday	shop	sitting	snowy	sounds	there	tip	waiting	went	winter
dedicated	heard	tara	young
lovely	nostalgia	pictures	sad	sweet
60	come	early	omg	please
11	2014	car	grandfather	heaven	him	our	play	way	would
56	during
brother	elder	fantastic	listen	play	popular	then
angst	challenges	child	life	play	real	teenage
1992	2015	55	71	age	day	died	every	mum	parents	they	witch
13
cruise	dances	did	everything	generation	goes	head	hear	living	mom	moms	passed	then	they
after	away	grade	hope	kind	life	maggie	man	moved	oh	shortly	th
34	are	best	came	car	hear	im	oldies	only	others	station	these	would
bring
60s	70s	80s	are	bodies	bouncers	dances	didn	don	drugs	each	favourite	girl	gone	hear	high	know	long	missing	money	mutilate	night	no	or	other	our	ourselves	park	parties	piercings	police	refreshing	respected	rock	spend	summer	tattoos	tenderness	there	they	today	wonderful	your	youth
anybody	came	did	feel	got	never	ooh	pain	reminded	same	sweet	who
away	best	both	boyfriend	friend	him	kept	over	playing	shame	stole	them
woman
boarding	by	came	children	choice	comes	day	don	due	felt	grandchildren	hear	heard	hoping	looking	mind	money	mother	never	nor	not	or	out	sharing	thirteen	visit	windows
bring	can	go	never	sure
being	by	dumped	emotions	full	girlfriend	loss
40	hit	top
evokes	happy	thanks
yes
13	1960	age	ageless	already	appreciate	artists	connie	francis	knew	others	parents	sing	taught	us
ago	boy	high	long	what	young
an	changed	during	every	glad	gorgeous	handsome	history	human	humanity	knew	men	most	movies	must	people	pity	say	there	well	wise	women	word	worse	youngster
away	best	heart	lonely	medicine	oldies	ones	parents	passed	who
marvelous	moments	nice	thank	these
happened	memory	what	wow
better	bless	brenda	child	god	happy	lee	life	make	marvelous	may	singer	thanks
again	are	best	favorite	feel	makes	million	thanks	them	today	young
heart	nostalgic	sounds
before	believe	came	can	forgive	heard	instantly	missed	never	radio	these	today
missed	young
ate
ago	boy	come	father	find	here	little	not	really	some
2018	even	marvelous	moments	thanks	these	what
2018	again	dear	listen	passed	remembering	sironaca	thanks
about	forgot	memory
cared	listen	only	singer	teenager
bringing	happy	they	wonderful
67	heard	mean	older	they	young
17	1962	56	ago	along	friends	going	here	korea	lyrics	memorize	over	popular	sing	singing	speakers	through	town
12	1963	after	alabama	allowance	anything	brenda	buy	case	cent	couldn	earnings	earplug	else	every	everyday	fair	got	greater	gulf	japanese	lee	little	meet	minute	mobile	night	performance	performed	played	radio	records	single	sleep	state	stayed	think	transistor	went
1963	dates	doze	early	get	hope	lovely	off	out	really	right	snow	snowy	south	upper	us	winter
bring	catchy	nice	simpler	them	times	tune
awesome
14	15	around	contest	danced	dancers	early	most	part	party	philippines	really	romantic	sister	think
by	passed	same	stays
are	everyone	made	these
70	benson	reason	robbie	some	tune
brought	sears	some	thanks	wow
how	oh	simple	them	times
about	backlash	could	not	peers	social	worry	your
age	because	didn	english	even	know	learned	oh	play	though
70	does	during	early	flood	germany	mind	stationed	usaf	wow
brought	child	commercial	sweet	tv
an	ex	rides	sunday
again	although	cupcakes	day	didn	film	has	hear	hot	long	mellowed	nostalgia	other	really	saw	soundtrack	summers	teenager	wanted
another	classic
40	ago	brought	over	really	sears	some	well	which	words	yesterday
by	evokes	gone	makes	timeless	yearn
are	be	can	come	day	distant	gone	hearing	hope	however	karen	lives	long	lost	never	new	ones	our	past	some	then	there	they	think	through	totally	us	while	will
ago	another	can	chinese	day	deeply	english	forget	heard	memory	nearly	never	say	small	teenager	town	twenty	two
1970	70	an	backyard	being	kind	mom	outside	own	patio	playing	radio	sitting	softly	stations	sun	wonder	young
band	someone	sound	then	there	times	what	wish
70s	awesome	being	cant	go	him	kid	knock	times
every	father	heard	morning	mother	sung	while	woke	young
albums	friends	precious	teen
about	kid	little	makes	times
oldies	past	tears	times
group	holds	wonderful
aunts	dance	house	livingroom	play	really	record	stereo	would
16	came	incredible	out	wow
1976	certainly	dances	did	find	hard	heart	makes	memorable	most	out	records	smile	stand	tracks	year
lady	special	takes	way
70	definitely
1977	9th	fell	grade	graduation	high	john	jr	real	summer	then	wannamaker	year
19	australia	by	camping	cassette	deck	fishing	get	gets	life	lonely	north	nostalgia	older	or	out	passes	past	playing	quickly	remote	sometimes	though	through	twin	western	year
76	be	conversation	dance	drink	fantastic	has	hold	intro	mobile	not	people	phone	really	right	seen	summer	takes	what
college	dream	got	graduated	ibm	job	what
marvellous	miracles
chester	heart	pa	sweet
70s	box	bring	cd	damn	danced	day	every	kid	listened	not	room	times	world	worry
get	hearing	homesick	oldies
40	an	angel	comparing	girl	idea	listened	long	merry	nice	not	perhaps	really	times	year	yester
14	45	did	disc	don	every	get	got	home	how	penny	played	player	record	rpm	save	times
driving	grade	man	playing	riding	son	way
28	beach	being	by	car	day	fell	felt	grandma	heard	memory	or	summer	sunny	thats
12	1976	70	aged	belts	best	disco	ever	funfair	holiday	minehead	nearly	no	off	records	safety	spinning	summer	thrown	waltzer
artists	group
18	1976	be	listen	taken	want	whenever
actually	dancing	fun	not	soul	takes	there	train	watching
15	70	actually	air	an	angels	behind	best	blue	brand	called	crowd	eagle	entire	ever	fighter	flight	flying	heard	introduced	jet	large	life	little	man	new	only	out	perform	pilot	plane	played	saw	show	speakers	strike	then	there	through	went	who
10	47	its	then	wow
bbc	chicago	dancing	disco
appear	because	generation	hear	make	new	nostalgia	really	thank	want
2019	dec	greetings	mabuhay	northern	part	philippines	reminiscing
20	before	extreme	karen	longing	nostalgia	period	reason	rip	some	way
across	bring	times	yeas
after	beat	beautifully	cancer	carpenter	close	cry	did	doing	each	favorite	forever	friend	haven	hear	heard	hope	identical	if	joy	karaoke	karen	last	life	liked	lost	made	not	or	remind	said	sing	singing	swear	talked	touch	will
by	changed	gone	has	how	looking	makes	rather	sad	seems	times	today
best	ever	memory
awesome	listen	material	nostalgic	sweet	tune
boy	chinese	country	freedom	grandma	listen	mcdonald	missed	people	want	world
again	be	kid	makes	want
lovely	takes
about	be	carefree	cry	every	forever	how	its	kept	life	listen	makes	only	places	remain	reminded	right	things	will
70	better	funner	less	simpler	tech	times	world
2019	come
young
car	carpenters	hear	mom	riding	singing	their	these	tunes
about	everything	jeez	parents
70s	early	growing	times
07	1977	2019	august	carpenters	exactly	husband	met	nice	radio	today	wonderful
57	being	by	fast	how	looking	makes	passed	sad	teenager	think	times
19	ago	cassette	cassettes	change	collection	growing	keeps	mom	more	no	nostalgia	only	playing	tape	through	times
50	ago	cry	license
2016	22nd	daughter	happy	july	passed	remembering	takes	who
2019	29	dated	girl	impossible	june	lane	lot	memory	owed	pay	taught	today	who
mom	nostalgic	sing
2019	29th	48am	dubai	full	june	played	times	unforgettable
by	cried	did	elementary	feeling	flies	getting	listened	lyrics	not	quite	stronger	understand
cause	crying	listen
15	brought	eyes	friend	listen	really	reminded	sang	since	tears	today
anymore	anything	are	because	before	can	changed	do	fast	fix	innocent	makes	not	oh	or	past	people	person	re	relive	sad	tears	there	things
50	60	70	after	alive	be	comment	common	doing	everything	eye	find	gives	gonna	goosebumps	got	ha	heard	if	internet	isn	leave	ll	maybe	nostalgic	or	since	sometimes	teary	where
2018	august	been	cry	every	hear	heard	la	nonstop	sha	shines	since	woah	wonderful
arrangement	boy	drum	how	lyrics	oh	perfection	played	sweet
27	97	age	around	died	flash	grandma	missed
bring	do	floods	girl	happy	head	hear	hearing	little	lot	no	off	out	played	playing	radio	recently	where
2019	come	favorite	growing	here	june	nostalgia
absolutely	after	apologies	bad	because	blow	feel	grammartical	habit	heard	listen	make	melody	mistakes	relaxed	secondary	send	since	some	steam	student	such	want
18	although	backseat	car	do	english	even	kindergarten	know	learned	means	mum	not	sing	times	what	year
africa	east	kenya	teenager
1973	angel	away	carpenter	karen	may	mother	passed	rip	takes
50	60	70	73	80	about	although	angel	big	called	contemporaries	course	day	every	friends	glad	graduated	hs	knew	oldies	sisters	teen	thanks	these	well	words
16	1st	68	compare	fast	flies	hear	times
kindergarten	made	past	play	teacher
12	51	boy	bring	can	changed	has	heard	high	junior	smiles	tears	teenage	times
14	died	feel	grandmother	heard	little	makes	nostalgic	really	remembered	sad	singing	which
along	bring	cry	grow	listen	see	sing
favorite	finally	find	tons
how	mp3	player	remembered	since	then
beside	go	hear	longing	radio
1973	64	be	feel	forever	greatest	hit	september	will
everytime	kid	kind	listen	musics	parents	play	traveling
clearly	comeback	favorite	noise	omg	radio
amazing	been	every	feel	listen	made	night	since	sleep
brought	cassette	classic	kid	listen
1970s	early	elementary	takes
be	can	cried	day	every	forever	getting	healthy	older	people	realized	return	sell	stay	them	ticket	want	way	who
2019	bring	hahaha	nice
40	away	before	behind	beloved	friends	leaving	listen	memory	nearer	passed	past	unforgettable	which	while
young
1970s	40	able	afford	ago	already	band	be	break	broadcasted	can	carmen	castes	china	classic	conservative	could	country	enough	faction	firm	heard	here	image	iron	memory	not	player	poor	sing	streets	strong	there	these
36	ago	an	be	could	cry	karen	lost	makes	painful	really	sadly	these	today	way	weird	wish	world	yesterday
baby	carpenters	damn	every	hit	lol	loud	lullaby	mum	out	sang	tape	times	yes
favorite	top
anymore	here	not	some	them
1973	46	again	along	be	came	canadian	carole	dating	experienced	flautist	free	french	lives	more	never	once	others	place	radio	responsibilities	student	thats	through	transports	where	will	yesterday
30	ago	boy	long	mind	primary	romantic
deceased	nostalgia	sentimentality
best	kid	memory
them	young
12	about	begin	girls	hear	myself	romantic	said	thank	vision
behind	carpenters	couldn	introduced	karen	left	putting	repeat	sad	stay	thank
car	listen
1974	album	are	around	arrangements	be	bringing	brothers	cathy	every	fell	floor	house	karens	living	masterpiece	neighbor	none	over	player	pop	princess	record	room	sat	second	singles	will
40	about	ago	away	brother	children	hearing	him	passed	some	who	younger
forget	grade	heard	life	never	sixth	will
die	hard	youth
bring	happiest	memory
come	every	grew	heart	nice	touches
more	once	yesterday
be	could	decency	meaning	more	once	wish	yesterday
also	bad	can	come	listen	not	sleep
cry	happy	made	times
go	once	only	want
1973	45	after	along	australian	cargo	coast	communication	composition	destination	did	headed	heard	melbourne	mesmerized	purchased	radio	reaching	receiver	record	rpm	sailing	ship	singing	some	station	store	style	suddenly	thing	unknown	way	what	wonderful
70s	fresh	give	missed	sadly	sounds	today
afternoon	cassette	mom	play	sunday	vibes
10	almost	been	everytime	its	kid	listened	piece	since
5th	certainly	cried	elementary	english	favorite	grade	listen	not	radio	sure	waiting	young
away	gone	listen	melted	more	once	re	they	yesterday
1956	about	attention	be	been	big	can	century	coming	desoto	everytime	face	father	half	has	hear	heard	honestly	how	karen	later	left	liked	nearly	never	or	rich	riding	say	seat	smile	soon	thank	there	too	truly	us	wonderful	yours
80s	every	happiest	hear	sad
bringing	favorite	happy	karen	lots	most	singing	such	thanks	wonderful
familiar	lyrics	rhythm	take
best	clearly	come
actually	family	friends
1973	almost	beach	being	every	fl	ft	go	hear	more	once	played	spent	two	vacation	walton	weeks	yesterday
after	are	best	come	cry	even	friend	happy	long	lost	make	never	once	really	show	they	times	where	will	yesterday
best	fond	golden	top
again	also	are	be	bringing	can	cousins	didnt	doing	down	drive	emotions	fill	get	go	gone	hey	innocence	karen	kids	lane	life	memory	not	nuts	or	real	record	records	rip	sad	seems	soon	spin	these	trip	weekends	what
are	changed	heart	if	life	line	lyrics	makes	rather	really	reversed	sad	seem	strike	there	today	vietnamese	want	which	wish	words
again	believed	brought	check	cover	day	feel	free	has	lot	means	nice	ones	out	page	please	singing	slow	thanks
cry	forever	make	remind	young
mom	really	sing
1973	date	lingers	singing
bring	gone	grew	shame	them	these	types
70s	growing	kid
1960	2018	40th	bkk	born	day	europe	friend	know	life	listen	missed	most	never	really	such	them	till	use	will
20	again	can	close	could	ever	every	express	eyes	hear	last	listen	long	meet	missed	mom	more	singing	single	than	these	till	ve	words
bring
kid	mum	play	takes	use
1976	6th	class	during	glasgow	grade	hansen	montana	played	teacher	thanks	their	year
album	christmas	favorites	grew	their
best	clearly	come
bringing	finally	found	hear	let	parents	part	radio	thank
by	has	heaven	introduced	mother	our	thank
feeling	nostalgic
2018	amazing	best	clearly	come	memory	more	natural	once	talent	what	who	wow	yesterday
1970	beneath	carpenters	earpiece	guam	june	landing	landscape	late	memory	nice	playing	radio	unfolded
around	being	child	fabulous	how	mum	oh	seaside	trips
away	come	or	please	take	them
age	anymore	because	crazy	did	do	laugh	listened	makes	not	recall	things	young
cry	listened	made	missed	strongly	understand
10	15	60s	about	an	being	came	could	earlier	early	funny	how	longed	look	out	relate	reminiscing	teenager	younger
both	early	happy	left	sad	too	us	your
40th	already	get	more	once	wish	yesterday
album	car	could	finally	found	grandpa	japan	listened	oh	only	shalalala
afternoon	every	middle	plays	times
can	every	into	listen	making	myself	night	stop	tears
30	about	after	again	best	competition	during	emotions	ever	finding	forgot	growing	lived	memorized	past	singers	singing	tears	yesterday
early	flashing	hear	keep	mind	seventies	whenever	wow
actually	against	are	chinese	countries	different	doesn	each	english	fight	happy	humanity	kid	listen	loves	mom	other	played	races	said	see	something	there	till	together	ugly	understand	us	weeping	which
by	changed	gone	has	how	looking	makes	rather	sad	seem	times	today
cant	father	found	gradually	help	kid	listen	lyrics	passed	room	stop	tape	tears	understand
affordable	among	an	bought	brand	buy	can	cheap	cool	country	current	display	easter	egg	enough	even	feature	gather	go	higher	included	inside	lacks	listen	lyrics	managed	money	mp3	ones	play	player	sadly	something	sorts	struggling	teenager	today	usb	which
by	did	expect	gives	goes	if	listener	not	passed	past	quickly	recalling	serenity	silence	yesterday
appreciate	can	due	eighteen	eleven	family	happy	how	knew	listened	lyrics	melody	nice	only	or	pain	resonate	strongly	struggling	studies	ten	then	times
alive	felt	life	stell	then
ballroom	best	capital	dancing	disco	dj	edwards	friday	greg	jesus	london	lyceum	night	radios	town
lots
3pm	brother	busting	everyone	flick	friends	handball	high	home	neighborhood	playing	saturday	shaw	tail	until	watch
birmingham	blades	silver	sundays
14	15	bar	barman	came	feed	jukebox	keep	knew	never	only	or	out	over	playing	pop	uk
11th	2019	absolutely	be	day	forever	july	life	little	playing	rip	will
band	bringing	darlington	done	england	fabulous	lovely	shirley	thank	well	what
1963	1965	1979	57	age	are	climb	comes	did	do	feel	go	hear	into	little	machine	moves	not	people	press	respects	see	stuff	there	today	want	way	what
60s	again	amazing	are	before	born	came	can	captial	every	gold	grow	harmonys	listen	mum	out	over	sunday	their
1966	45	again	among	are	best	bought	certainly	day	exciting	faces	full	genuine	get	harmonies	hollies	its	never	over	perfect	perform	played	player	pleasure	record	singers	smiles	soaring	teenage	them	thirteen	tired	watch	wonderful
because	bobby	by	can	drumming	drums	elliott	heard	hollies	immediately	little	never	oh	older	or	over	perfect	playing	records	say	singing	sisters	struck	teenager	too	tried	twenty	what	while	yes	young
carl	nostalgic	thank
10	45rpm	bringing	brother	favorite	home	record	yardbirds
away	best	british	fast	high	invasion	slipped	some	too
about	against	anti	beatles	beginnings	burn	did	doob	establishment	guard	guys	high	if	kids	makes	most	not	protest	revolt	singing	soldiers	sort	these	thing	too	wanna	what	witnessing	yarbirds	youth
12	1966	ahead	are	cats	deserved	given	musically	never	only	priceless	props	their	then	these	they	way	yardbirds	year
timeless
favorite	husband	met	never	or	takes
after	agree	albums	away	awesome	been	best	books	brother	elvis	ever	few	freaking	got	handsome	history	intrigued	library	made	man	millions	out	passed	peace	presley	read	records	rest	then	there
air	before	lot	play	popular	senior	summer	year
child	compassionate	confessing	each	every	feelings	filled	flashbacks	get	italy	living	lovers	other	southern	street	there	where
heaven	kid	sung
car	remind	way
awesomeness	benson	brilliantly	george	glen	listen	pure	sang	singing	take
every	forever	happy	party	played	will	young
cassette	horrible	listened	quality	radio	recorded	recorder	teenager
80	are	best	remembered
about	be	born	can	gentle	innocent	no	or	pure	sexuality	sing	singer	there	times	today	violence	way	who	why	wish
80	90	best	ever	such	youth
dance	during	has	lasted	lot	played	sister	their	these	wedding
1985	80s	find	into	looked	released	swear	until
18	fast	goes	listen
17	1987	him	then
1988	backyard	best	dance	friend	learning	slow	summer
80s	experienced	hahaha	happy	makes	takes	wow
40	80	90	era	experience	glad	got	mid	sad	teenager
anyone	best	clock	could	else	get	happy	knowing	life	live	ll	messed	never	our	rest	thing	turn	wish
bring	build	can	machine	must	need	please	someone
ask	damn	dance	dances	high	jr	nerve	someone	takes	working
32	after	loving	met	mine	never	reconnected	stopped
80	change	feeling	gonna	its	nothing	same
1980	about	car	forget	happy	kill	lady	makes	never	think	together	will	wreak
actually	boys	call	date	girl	happy	how	jobs	life	living	longer	make	marriage	mattered	money	no	path	phone	place	romance	sad	seemed	taken	things	value	worth	would
classics	favorite	timeless
heard	him	met	most	today	what	wife	woman
brain	coming	life	youth
17	1987	aren	awesome	hear	kids	lasted	raised	some	together	wedding	why	wonder
18	1988	again	fond	form	leaving	party	sixth	summer
80	are	best	boy	dancing	era	ever	girls	magic	parties	wonderfull	young
away	be	didn	family	felt	friends	heart	know	last	moved	or	past	some	then	together	would
close	cry	eyes	flashback	most
12	beauty	forever	gave	girl	innocence	man	oh	puppy	recorded	released	serenity	stay	swore	tape	who	year
17	19	1987	30	50	almost	beach	brought	did	each	exactly	girlfriend	gives	how	incredible	lot	mind	nostalgia	other	passed	same	such	video	watching	who	wonderful	young
80	90	best	life	really
especially	makes	nostalgic
kind	thankful	younger
17	about	although	came	didn	ever	going	holiday	italy	know	or	really	restaurant	since	tv	ve	what
heard	man	stomach	turned
again	these	wish
are	bits	chick	ever	get	gone	got	hats	live	never	phone	young	your
40	about	after	be	because	boy	brought	come	doe	eyed	fell	flies	future	him	innocent	knew	man	must	name	never	optimistic	seemed	tv	watch	would
18	30	80	after	again	ago	better	can	high	never	nothing	our	sing	singing	succeed	sweetheart	than	they	true	try
happy	holiday	mum
girl	made	mix	tape
80	anymore	are	don	feel	fun	glen	him	making	no	nostalgic	oh	recently	singer	sweet	there	why
80s	build	go	machine	need
didn	grow	legendary	wish
80s	best	could	go	how	life	will	wish
80	brother	drive	lake	reservation	roads	sunrise	times	use
80s	90s	boy	changed	could	go	how	things	wish
14	1966	faces	fantastic	john	live	rip	scott	thank	version	voices
60s	absolutely	brilliant	brothers	came	escape	fire	handsome	into	luton	ritz	saw	teenager	them	they	walker	went	where	wife	young
teenager
50	best	take	thanks
best	life	please	take	times
60s	came	colors	down	fantastic	girl	hendricks	hippy	jees	jimmie	john	lady	omg	place	same	screamed	see	shouted	them	they	uk	wearing	went	who
could	go	know	what	wish
14	an	being	faithfully	go	him	marry	not	option	ready	scott	steady	thanks	totally	unfortunately	walker	wanted	watched	wonderful
again	almost	be	listen	never	painful	period	will
13	be	calypso	dances	doing	girls	going	has	hit	line	long	man	passionate	romantic	singing	there	what	would	year
child	feel	nostalgic	thank
60	england	every	go	minute	ready	steady	teen	theicewitch54	watched	while	wonderful
brilliant	favorite	its	little	mom	mums
1996	60s	bought	brilliant	concert	denisex	distant	during	going	hemel	hempstead	hit	life	live	pav	pavillion	performed	pop	sharing	summer	thanks	their	top	volume	warm	wishes
best	grew	happy
60	along	being	bliss	mums	radio	right	sheer	side	sing	takes	would
1966	certainly	changed	got	hair	hey	high	kicked	long	out	wearing
happy
2019	60	are	awesome	bands	best	brothers	else	endless	energies	era	etched	experiences	gary	gone	hearts	high	john	matters	most	nothing	our	raised	re	rip	rock	roll	scott	their	them	these	walker	yes	youth
10	16	53	came	crush	feeling	found	girlfriend	got	hearing	heartache	later	lyrics	out	really	same	sign	true	who	written	year
2019	60	attached	being	can	go	goosebumps	melodrama	sept	teenager
attached	big	come	did	know	little	mysterious	place	teens	then	what	wonderful	world
best	can	go	life	please	real	simpler	then	they	too
absolutely	again	can	get	how	never	sad	there
60	70	alive	felt	optimistic	really
favorites	lovely	new	timeless
anymore	because	broke	eyes	going	heart	not	rise	sun	takes	tears	thought	yeah
again	big	could	give	see	sister	wendy	whatever	would
10	63	are	brilliant	cam	certainly	classic	era	hits	out	them	there	tune	vocals
66	almost	bar	beggar	blind	box	classic	cornell	early	forehead	george	him	innocent	juke	killing	kray	march	outright	playing	sat	shot	straight	through	timeless	while	whitechapel
brought	called	crap	eyes	grandchild	tears
brought	crazy	non	played	some	stop	teen	thank
audio	cassette	child	rap	tape
germany	jam	stationed	wonderful
best	life	takes	way	wise
came	club	day	jumping
can	club	go	played	teen	texas	they
80	club
1980s	cool	don	guy	lil	little	look	man	oh	wayne
80s	how	take
could	damn	go	these	wish
2000s	90	90s	boy	dance	dancing	do	fiance	floor	generation	last	man	new	night	not	take
girls	singing	takes
beats	better	cant	gardens	god	roller	rolling	skating	takes	then	top
def	down	reminiscing	rink	skating	times	too	track
ah	came	classic	damn	dance	dope	floor	friends	hell	here	high	literally	out	right	shit	tear	track	use
ah	awesome	rink	skating	times
88	89	been	came	day	everybody	fl	got	groups	looking	lot	man	name	never	new	out	thanks	there	tyndal
1988	anyway	because	chance	every	got	hating	jams	kind	not	rapping	rocking	then	what	whatever
70	can	everything	more	say	than
80	best	they	times
70s	bath	bathing	little	mom	precious	real	sing	us	while
being	girl	little	parents
2009	6th	away	became	boyfriend	cassette	ex	grade	has	him	husband	late	later	listen	lol	our	pass	sent	since	think	use	whenever
80s	because	car	deceased	didn	each	favorite	getting	give	hard	knew	know	listen	mother	other	out	really	sing	something	turn	usually	what
1980	40	about	age	an	be	blink	came	cat	doggo	early	enough	even	existed	eye	feels	forgotten	gives	if	ish	lady	little	live	ll	long	lovely	lucky	nostalgia	out	probably	right	saw	serenading	such	sweet	until	warm	yesterday
big	can	hit	makes	more	say	than	words
day	really
2019	airport	broken	goodbye	heart	here	high	moving	out	saying	state	truly
father	listen	often	sings
2019	feels	fresh	past	relate	wonderful
takes	teenager	wow
feeling	omg	thanks	throw
carefree	joyful	leo	remind	thank	yes
broadcasting	classic	corp	day	enjoy	excellent	hear	srilanka	youth
30	after	again	apropos	gives	innocent	nice	smile
2019	january	little	looking	next	nothing	parents	playing	radio	seat	sister	sitting
eyes	nostalgic	tears
be	inhaling	listen	nostalgia	soon	there	would
danced	happy	high	maine	our	portland	roller	skated	sweethearts	wedding	well	wheels	wife
80s	being	humming	nostalgia	proud	young
another	garbage	makes	past	today	world
after	every	father	kid	liked	moment	morning	open
14	82	danube	exactly	falling	feeling	girl	hand	kiss	long	shores	summer	tied	walks	year
1981	after	birthday	care	ladies	mum	shelter	singing	sister	tasmania	tassie	women	wow
62	best	chevy	driving	ever	flatbed	forgotten	has	lol	middle	mom	momma	not	only	passed	rip	say	stood	while	would	wow
heart	mind	sweet	thank	warms
60s	70s	80s	beat	getting	nostalgic	nothing
sang	young
remind
are	before	day	ever	every	feeling	fresh	gives	green	leaving	leo	play	sayer	single	tracks	wow
1980	20	different	drove	girlfriend	heard	indiana	least	phoenix	radio	stations	there	way
better	thank	then
1998	friend	girl	high
1980	discos	machine	madrid	play	pubs	they	wish
ago	mine	missed	moons	younger
bring
alright	classic	mate	thank
50	60	70	80	being	better	could	feelings	hear	inside	life	older	place	radio	sung	these	touched	understand	words
growing	mom	played
60s	70s	drives	every	really	turns
above	amount	an	bitter	bringing	cherished	enormous	sweet
because	born	date	how	later	never	oh	real	well
13	ago	boyfriend	cause	cry	field	him	long	loud	myself	or	out	over	reminded	sing	trips
1954	age	anyone	aware	be	been	born	captured	commented	elvis	emulate	even	gifted	grandmother	has	imagination	never	or	others	popular	presence	presentation	really	sound	started	there	through	today	who
21	28	after	bought	car	cd	crying	divorce	down	driving	ended	later	loud	marriage	rolled	turning	windows
